Task Name,Model Name,Layer Name,Accuracy,Optimal Threshold,AUC,Distance Metric
LFW,VGG16,classifier.5,0.6811666666666667,0.6896688938140869,0.7415820555555556,cosine_distances
LFW,VGG16,classifier.6,0.6545,0.8750832080841064,0.7065381666666667,cosine_distances
Inversion Effect - Upright,VGG16,classifier.5,0.68,0.6830347776412964,0.7102222222222222,cosine_distances
Inversion Effect - Upright,VGG16,classifier.6,0.6466666666666666,0.8785693645477295,0.660711111111111,cosine_distances
Inversion Effect - Inverted,VGG16,classifier.5,0.6633333333333333,0.6012555956840515,0.7106666666666667,cosine_distances
Inversion Effect - Inverted,VGG16,classifier.6,0.6266666666666667,0.8052195906639099,0.6621333333333334,cosine_distances
Other Race Effect - Caucasian,VGG16,classifier.5,0.675,0.7324560880661011,0.6793749999999998,cosine_distances
Other Race Effect - Caucasian,VGG16,classifier.6,0.625,0.8838925957679749,0.63875,cosine_distances
Other Race Effect - Asian,VGG16,classifier.5,0.5875,0.7389445304870605,0.585,cosine_distances
Other Race Effect - Asian,VGG16,classifier.6,0.6125,0.8881773948669434,0.618125,cosine_distances
