Task Name,Model Name,Layer Name,Correlation Score,Distance Metric,Correlation Metric
International Celebs - Visual Perception Similarity,VGG16,classifier.5,0.45048492593059014,cosine_distances,corrcoef
International Celebs - Visual Perception Similarity,VGG16,classifier.6,0.3588322366230007,cosine_distances,corrcoef
International Celebs - Memory Perception Similarity,VGG16,classifier.5,0.3657440220018635,cosine_distances,corrcoef
International Celebs - Memory Perception Similarity,VGG16,classifier.6,0.2926862330153333,cosine_distances,corrcoef
International Celebs - Visual Perception Similarity DP,VGG16,classifier.5,0.36899295341520816,cosine_distances,corrcoef
International Celebs - Visual Perception Similarity DP,VGG16,classifier.6,0.2868996474477715,cosine_distances,corrcoef
International Celebs - Visual Perception Similarity SP,VGG16,classifier.5,0.2461412186862158,cosine_distances,corrcoef
International Celebs - Visual Perception Similarity SP,VGG16,classifier.6,0.18170815638930965,cosine_distances,corrcoef
IL Celebs - Familiar Performance,VGG16,classifier.5,0.2227493573828468,cosine_distances,corrcoef
IL Celebs - Familiar Performance,VGG16,classifier.6,0.12823333325323688,cosine_distances,corrcoef
IL Celebs - Unfamiliar Performance,VGG16,classifier.5,0.4115872311065571,cosine_distances,corrcoef
IL Celebs - Unfamiliar Performance,VGG16,classifier.6,0.296442791955565,cosine_distances,corrcoef
Critical Features - Critical Distances,VGG16,classifier.5,-0.10460025020942501,cosine_distances,corrcoef
Critical Features - Critical Distances,VGG16,classifier.6,-0.13349265147100686,cosine_distances,corrcoef
Critical Features - Non-Critical Distances,VGG16,classifier.5,0.3231053871162682,cosine_distances,corrcoef
Critical Features - Non-Critical Distances,VGG16,classifier.6,0.3268430747454621,cosine_distances,corrcoef
