img1,img2,distance,napth_name,layer_name,model_computed_distance
ak_ref.png,l_05_kutcher_nose_66.png,3.947368421,ak,classifier.6,0.07134568691253662
ba_ref.png,l_05_affleck_95_nose.png,3.473684211,ba,classifier.6,0.04025447368621826
dd_ref.png,l_05_duchovny_48_nose.png,3.526315789,dd,classifier.6,0.0272027850151062
gc_ref.png,l_05_clooney_24nose.png,3.789473684,gc,classifier.6,0.035382747650146484
jb_ref.png,l_05_bieber_66_nose.png,2.842105263,jb,classifier.6,0.0369647741317749
js_ref.png,l_05_seinfeld_nose_57.png,3.368421053,js,classifier.6,0.16891396045684814
md_ref.png,l_05_daimon_57_nose.png,4.631578947,md,classifier.6,0.013904750347137451
mz_ref.png,l_05_zukerberg_nose_69.png,4.789473684,mz,classifier.6,0.08867353200912476
rn_ref.png,l_05_deNiro_nose_25.png,4.789473684,rn,classifier.6,0.12062740325927734
th_ref.png,l_05_hanks_nose_81.png,4.736842105,th,classifier.6,0.06230509281158447
CM46_2.png,Cpict46_set3_5_43_MouthSize.png,3.117647059,1,classifier.6,0.022561192512512207
CM47_2.png,Cpict47_set3_5_14_lips.png,3.263157895,2,classifier.6,0.03464770317077637
CM48_2.png,Cpict48_set3_5_87_Lips.png,3.166666667,3,classifier.6,0.05053234100341797
CM50_2.png,Cpic50_set3_5_22_Lips.png,4.647058824,4,classifier.6,0.01928842067718506
CM51_2.png,Cpic51_set3_5_43_Mouth.png,2.842105263,5,classifier.6,0.011404871940612793
CM55_2.png,Cpic55_set3_5_87_Mouth.png,3.333333333,6,classifier.6,0.03589463233947754
CM60_2.png,Cpict60_set3_5_48_Mouth.png,2.823529412,7,classifier.6,0.016039252281188965
CM61_2.png,Cpict61_set3_5_57_MouthB.png,3.157894737,8,classifier.6,0.04049783945083618
CM62_2.png,Cpict62_set3_5_22_MouthSize.png,3.166666667,9,classifier.6,0.04468119144439697
CM64_2.png,Cpict64_set3_5_14_Mouth.png,2.647058824,10,classifier.6,0.02331942319869995
CM80_2.png,Cpict80_set3_5_43_Mouth.png,2.684210526,11,classifier.6,0.021817922592163086
CM81_2.png,Cpict81_set3_5_87_Mouth.png,3.416666667,12,classifier.6,0.02307307720184326
CM82_2.png,Cpic82_set3_5_14_Mouth.png,3.882352941,13,classifier.6,0.021077871322631836
CM83_2.png,Cpict83_set3_5_57_Mouth.png,3.736842105,14,classifier.6,0.03950333595275879
CM85_2.png,Cpic85_set3_5_57_Mouth.png,3.75,15,classifier.6,0.04479491710662842
