img1,img2,condition,layer_name,model_computed_distance
ak_ref.png,l_05_kutcher_nose_66.png,non_critical_changes,classifier.6,0.07134568691253662
ba_ref.png,l_05_affleck_95_nose.png,non_critical_changes,classifier.6,0.04025447368621826
dd_ref.png,l_05_duchovny_48_nose.png,non_critical_changes,classifier.6,0.0272027850151062
gc_ref.png,l_05_clooney_24nose.png,non_critical_changes,classifier.6,0.035382747650146484
jb_ref.png,l_05_bieber_66_nose.png,non_critical_changes,classifier.6,0.0369647741317749
js_ref.png,l_05_seinfeld_nose_57.png,non_critical_changes,classifier.6,0.16891396045684814
md_ref.png,l_05_daimon_57_nose.png,non_critical_changes,classifier.6,0.013904750347137451
mz_ref.png,l_05_zukerberg_nose_69.png,non_critical_changes,classifier.6,0.08867353200912476
rn_ref.png,l_05_deNiro_nose_25.png,non_critical_changes,classifier.6,0.12062740325927734
th_ref.png,l_05_hanks_nose_81.png,non_critical_changes,classifier.6,0.06230509281158447
CM46_2.png,Cpict46_set3_5_43_MouthSize.png,non_critical_changes,classifier.6,0.022561192512512207
CM47_2.png,Cpict47_set3_5_14_lips.png,non_critical_changes,classifier.6,0.03464770317077637
CM48_2.png,Cpict48_set3_5_87_Lips.png,non_critical_changes,classifier.6,0.05053234100341797
CM50_2.png,Cpic50_set3_5_22_Lips.png,non_critical_changes,classifier.6,0.01928842067718506
CM51_2.png,Cpic51_set3_5_43_Mouth.png,non_critical_changes,classifier.6,0.011404871940612793
CM55_2.png,Cpic55_set3_5_87_Mouth.png,non_critical_changes,classifier.6,0.03589463233947754
CM60_2.png,Cpict60_set3_5_48_Mouth.png,non_critical_changes,classifier.6,0.016039252281188965
CM61_2.png,Cpict61_set3_5_57_MouthB.png,non_critical_changes,classifier.6,0.04049783945083618
CM62_2.png,Cpict62_set3_5_22_MouthSize.png,non_critical_changes,classifier.6,0.04468119144439697
CM64_2.png,Cpict64_set3_5_14_Mouth.png,non_critical_changes,classifier.6,0.02331942319869995
CM80_2.png,Cpict80_set3_5_43_Mouth.png,non_critical_changes,classifier.6,0.021817922592163086
CM81_2.png,Cpict81_set3_5_87_Mouth.png,non_critical_changes,classifier.6,0.02307307720184326
CM82_2.png,Cpic82_set3_5_14_Mouth.png,non_critical_changes,classifier.6,0.021077871322631836
CM83_2.png,Cpict83_set3_5_57_Mouth.png,non_critical_changes,classifier.6,0.03950333595275879
CM85_2.png,Cpic85_set3_5_57_Mouth.png,non_critical_changes,classifier.6,0.04479491710662842
ak_ref.png,h_05_kutcher_Brows_35.png,critical_changes,classifier.6,0.06469160318374634
ba_ref.png,h_05_affleck_76_brows_shape.png,critical_changes,classifier.6,0.062165021896362305
dd_ref.png,h_05_duchovny_76_eye_brows.png,critical_changes,classifier.6,0.032129526138305664
gc_ref.png,h_05_clooney_91_brows.png,critical_changes,classifier.6,0.029982149600982666
jb_ref.png,h_05_bieber_35_brows.png,critical_changes,classifier.6,0.056839048862457275
js_ref.png,h_05_seinfeld_Brows_32.png,critical_changes,classifier.6,0.11419022083282471
md_ref.png,h_05_daimon_32_brows.png,critical_changes,classifier.6,0.02724665403366089
mz_ref.png,h_05_zukerberg_Brows_64.png,critical_changes,classifier.6,0.1987001895904541
rn_ref.png,h_05_deNiro_Brows_55.png,critical_changes,classifier.6,0.12095212936401367
th_ref.png,h_05_hanks_brows_39.png,critical_changes,classifier.6,0.16753292083740234
CM46_2.png,Cpict46_set1_5_24_lips_thick.png,critical_changes,classifier.6,0.0359877347946167
CM47_2.png,Cpict47_set1_5_38_LipThick.png,critical_changes,classifier.6,0.09045076370239258
CM48_2.png,Cpict48_set1_5_55_Lips.png,critical_changes,classifier.6,0.06708621978759766
CM50_2.png,Cpic50_set1_5_69_Lips.png,critical_changes,classifier.6,0.03006434440612793
CM51_2.png,Cpic51_set1_5_5_Lips.png,critical_changes,classifier.6,0.017453491687774658
CM55_2.png,Cpic55_set1_5_24_Lips.png,critical_changes,classifier.6,0.07458806037902832
CM60_2.png,Cpict60_set1_5_69_Lips.png,critical_changes,classifier.6,0.03341972827911377
CM61_2.png,Cpict61_set1_5_91_Lips.png,critical_changes,classifier.6,0.04129981994628906
CM62_2.png,Cpict62_set1_5_38Lips.png,critical_changes,classifier.6,0.13216280937194824
CM64_2.png,Cpict64_set1_5_55_Lips.png,critical_changes,classifier.6,0.04836428165435791
CM80_2.png,Cpict80_set1_5_91_Lips.png,critical_changes,classifier.6,0.07521474361419678
CM81_2.png,Cpict81_set1_5_5_Lips.png,critical_changes,classifier.6,0.08981263637542725
CM82_2.png,Cpic82_set1_5_69_Lips.png,critical_changes,classifier.6,0.018362760543823242
CM83_2.png,Cpict83_set1_5_24_Lips.png,critical_changes,classifier.6,0.04468345642089844
CM85_2.png,Cpic85_set1_5_5_Lips.png,critical_changes,classifier.6,0.05265796184539795
ak_ref.png,h_00_kutcher.png,same,classifier.6,0.06503695249557495
ba_ref.png,h_00_affleck.png,same,classifier.6,0.05930894613265991
dd_ref.png,h_00_duchovny.png,same,classifier.6,0.046056509017944336
gc_ref.png,h_00_clooney.png,same,classifier.6,0.037306904792785645
jb_ref.png,h_00_bieber.png,same,classifier.6,0.018302440643310547
js_ref.png,h_00_seinfeld.png,same,classifier.6,0.1413559913635254
md_ref.png,h_00_daimon.png,same,classifier.6,0.01724874973297119
mz_ref.png,h_00_zukerberg.png,same,classifier.6,0.07806229591369629
rn_ref.png,h_00_deNiro.png,same,classifier.6,0.08417832851409912
th_ref.png,h_00_hanks.png,same,classifier.6,0.08664202690124512
CM46_2.png,Cpict46_set1_0.png,same,classifier.6,0.033222734928131104
CM47_2.png,Cpict47_set1_0.png,same,classifier.6,0.037619054317474365
CM48_2.png,Cpict48_set1_0.png,same,classifier.6,0.04429423809051514
CM50_2.png,Cpic50_set1_0.png,same,classifier.6,0.021144747734069824
CM51_2.png,Cpic51_set1_0.png,same,classifier.6,0.011127889156341553
CM55_2.png,Cpic55_set1_0.png,same,classifier.6,0.050452470779418945
CM60_2.png,Cpict60_set1_0.png,same,classifier.6,0.008889555931091309
CM61_2.png,Cpict61_set1_0.png,same,classifier.6,0.015121638774871826
CM62_2.png,Cpict62_set1_0.png,same,classifier.6,0.024799227714538574
CM64_2.png,Cpict64_set1_0.png,same,classifier.6,0.01472485065460205
CM80_2.png,Cpict80_set1_0.png,same,classifier.6,0.011046409606933594
CM81_2.png,Cpict81_set1_0.png,same,classifier.6,0.011190235614776611
CM82_2.png,Cpic82_set1_0.png,same,classifier.6,0.01571488380432129
CM83_2.png,Cpict83_set1_0.png,same,classifier.6,0.014014244079589844
CM85_2.png,Cpic85_set1_0.png,same,classifier.6,0.026078224182128906
ak_ref.png,ba_ref.png,diff,classifier.6,0.04526233673095703
ba_ref.png,dd_ref.png,diff,classifier.6,0.051207900047302246
dd_ref.png,gc_ref.png,diff,classifier.6,0.06265318393707275
gc_ref.png,jb_ref.png,diff,classifier.6,0.06319373846054077
jb_ref.png,js_ref.png,diff,classifier.6,0.16277438402175903
js_ref.png,md_ref.png,diff,classifier.6,0.08429265022277832
md_ref.png,mz_ref.png,diff,classifier.6,0.05095803737640381
mz_ref.png,rn_ref.png,diff,classifier.6,0.14431387186050415
rn_ref.png,th_ref.png,diff,classifier.6,0.1288853883743286
th_ref.png,ak_ref.png,diff,classifier.6,0.06024593114852905
CM46_2.png,Cpict47_set1_0.png,diff,classifier.6,0.06655490398406982
CM47_2.png,Cpict48_set1_0.png,diff,classifier.6,0.07371020317077637
CM48_2.png,Cpic50_set1_0.png,diff,classifier.6,0.04528820514678955
CM50_2.png,Cpic51_set1_0.png,diff,classifier.6,0.013656079769134521
CM51_2.png,Cpic55_set1_0.png,diff,classifier.6,0.047777533531188965
CM55_2.png,Cpict60_set1_0.png,diff,classifier.6,0.05895423889160156
CM60_2.png,Cpict61_set1_0.png,diff,classifier.6,0.06143176555633545
CM61_2.png,Cpict62_set1_0.png,diff,classifier.6,0.06216686964035034
CM62_2.png,Cpict64_set1_0.png,diff,classifier.6,0.03193795680999756
CM64_2.png,Cpict80_set1_0.png,diff,classifier.6,0.04201483726501465
CM80_2.png,Cpict81_set1_0.png,diff,classifier.6,0.017893075942993164
CM81_2.png,Cpic82_set1_0.png,diff,classifier.6,0.06245547533035278
CM82_2.png,Cpict83_set1_0.png,diff,classifier.6,0.04757112264633179
CM83_2.png,Cpic85_set1_0.png,diff,classifier.6,0.027207493782043457
CM85_2.png,Cpict46_set1_0.png,diff,classifier.6,0.08098804950714111
