img1,img2,distance,napth_name,layer_name,model_computed_distance
ak_ref.png,h_05_kutcher_Brows_35.png,5.263157895,ak,classifier.6,0.06469160318374634
ba_ref.png,h_05_affleck_76_brows_shape.png,5.684210526,ba,classifier.6,0.062165021896362305
dd_ref.png,h_05_duchovny_76_eye_brows.png,5.052631579,dd,classifier.6,0.032129526138305664
gc_ref.png,h_05_clooney_91_brows.png,5.631578947,gc,classifier.6,0.029982149600982666
jb_ref.png,h_05_bieber_35_brows.png,5.736842105,jb,classifier.6,0.056839048862457275
js_ref.png,h_05_seinfeld_Brows_32.png,5.631578947,js,classifier.6,0.11419022083282471
md_ref.png,h_05_daimon_32_brows.png,5.315789474,md,classifier.6,0.02724665403366089
mz_ref.png,h_05_zukerberg_Brows_64.png,5.421052632,mz,classifier.6,0.1987001895904541
rn_ref.png,h_05_deNiro_Brows_55.png,5.210526316,rn,classifier.6,0.12095212936401367
th_ref.png,h_05_hanks_brows_39.png,5.578947368,th,classifier.6,0.16753292083740234
CM46_2.png,Cpict46_set1_5_24_lips_thick.png,5.583333333,1,classifier.6,0.0359877347946167
CM47_2.png,Cpict47_set1_5_38_LipThick.png,5.411764706,2,classifier.6,0.09045076370239258
CM48_2.png,Cpict48_set1_5_55_Lips.png,5.473684211,3,classifier.6,0.06708621978759766
CM50_2.png,Cpic50_set1_5_69_Lips.png,5.666666667,4,classifier.6,0.03006434440612793
CM51_2.png,Cpic51_set1_5_5_Lips.png,5.470588235,5,classifier.6,0.017453491687774658
CM55_2.png,Cpic55_set1_5_24_Lips.png,5.789473684,6,classifier.6,0.07458806037902832
CM60_2.png,Cpict60_set1_5_69_Lips.png,5.833333333,7,classifier.6,0.03341972827911377
CM61_2.png,Cpict61_set1_5_91_Lips.png,5.529411765,8,classifier.6,0.04129981994628906
CM62_2.png,Cpict62_set1_5_38Lips.png,5.263157895,9,classifier.6,0.13216280937194824
CM64_2.png,Cpict64_set1_5_55_Lips.png,5.833333333,10,classifier.6,0.04836428165435791
CM80_2.png,Cpict80_set1_5_91_Lips.png,5.529411765,11,classifier.6,0.07521474361419678
CM81_2.png,Cpict81_set1_5_5_Lips.png,5.368421053,12,classifier.6,0.08981263637542725
CM82_2.png,Cpic82_set1_5_69_Lips.png,5.5,13,classifier.6,0.018362760543823242
CM83_2.png,Cpict83_set1_5_24_Lips.png,5.058823529,14,classifier.6,0.04468345642089844
CM85_2.png,Cpic85_set1_5_5_Lips.png,5.684210526,15,classifier.6,0.05265796184539795
