Unnamed: 0,img1,img2,distance,layer_name,model_computed_distance
0,E_F_galit_gutman.png,E_F_ilanit.png,4.588235294,classifier.6,0.08504080772399902
1,E_F_galit_gutman.png,E_F_ninet.png,4.733333333,classifier.6,0.1252117156982422
2,E_F_galit_gutman.png,E_F_rotem_sela.png,3.411764706,classifier.6,0.08464336395263672
3,E_F_galit_gutman.png,E_F_shiri.png,3.722222222,classifier.6,0.10502374172210693
4,E_F_galit_gutman.png,E_M_asi.png,5.222222222,classifier.6,0.15421950817108154
5,E_F_galit_gutman.png,E_M_danker.png,4.764705882,classifier.6,0.11657440662384033
6,E_F_galit_gutman.png,E_M_ido.png,4.375,classifier.6,0.14386141300201416
7,E_F_galit_gutman.png,E_M_liorA.png,4.8125,classifier.6,0.18051642179489136
8,E_F_galit_gutman.png,E_M_yuda.png,5.0,classifier.6,0.21213757991790771
9,E_F_galit_gutman.png,P_F_michaeli.png,3.411764706,classifier.6,0.15299642086029053
10,E_F_galit_gutman.png,P_F_regev.png,5.111111111,classifier.6,0.07470989227294922
11,E_F_galit_gutman.png,P_F_shaked.png,4.6875,classifier.6,0.1540842056274414
12,E_F_galit_gutman.png,P_F_staiv.png,4.611111111,classifier.6,0.11674761772155762
13,E_F_galit_gutman.png,P_M_benet.png,5.176470588,classifier.6,0.1922764778137207
14,E_F_galit_gutman.png,P_M_buji.png,5.294117647,classifier.6,0.1446128487586975
15,E_F_galit_gutman.png,P_M_gantz.png,5.235294118,classifier.6,0.15688103437423706
16,E_F_galit_gutman.png,P_M_lapid.png,5.4375,classifier.6,0.17880207300186157
17,E_F_galit_gutman.png,P_M_saar.png,4.875,classifier.6,0.1299670934677124
18,E_F_galit_gutman.png,P_M_smut.png,5.3125,classifier.6,0.18885743618011475
19,E_F_ilanit.png,E_F_ninet.png,4.3125,classifier.6,0.0956881046295166
20,E_F_ilanit.png,E_F_rotem_sela.png,3.647058824,classifier.6,0.056543946266174316
21,E_F_ilanit.png,E_F_shiri.png,2.944444444,classifier.6,0.11365741491317749
22,E_F_ilanit.png,E_M_asi.png,4.555555556,classifier.6,0.08624124526977539
23,E_F_ilanit.png,E_M_danker.png,5.588235294,classifier.6,0.07293283939361572
24,E_F_ilanit.png,E_M_ido.png,5.235294118,classifier.6,0.11436927318572998
25,E_F_ilanit.png,E_M_liorA.png,5.1875,classifier.6,0.11508810520172119
26,E_F_ilanit.png,E_M_yuda.png,5.235294118,classifier.6,0.1636815071105957
27,E_F_ilanit.png,P_F_michaeli.png,4.352941176,classifier.6,0.10345399379730225
28,E_F_ilanit.png,P_F_regev.png,3.666666667,classifier.6,0.06615149974822998
29,E_F_ilanit.png,P_F_shaked.png,3.875,classifier.6,0.1014411449432373
30,E_F_ilanit.png,P_F_staiv.png,4.277777778,classifier.6,0.09562259912490845
31,E_F_ilanit.png,P_M_benet.png,5.176470588,classifier.6,0.13103067874908447
32,E_F_ilanit.png,P_M_buji.png,5.117647059,classifier.6,0.09076666831970215
33,E_F_ilanit.png,P_M_gantz.png,4.941176471,classifier.6,0.1052129864692688
34,E_F_ilanit.png,P_M_lapid.png,4.933333333,classifier.6,0.1703810691833496
35,E_F_ilanit.png,P_M_saar.png,4.5625,classifier.6,0.06735599040985107
36,E_F_ilanit.png,P_M_smut.png,5.117647059,classifier.6,0.14327174425125122
37,E_F_ninet.png,E_F_rotem_sela.png,4.8,classifier.6,0.09581327438354492
38,E_F_ninet.png,E_F_shiri.png,3.375,classifier.6,0.22018969058990479
39,E_F_ninet.png,E_M_asi.png,4.1875,classifier.6,0.10087442398071289
40,E_F_ninet.png,E_M_danker.png,5.066666667,classifier.6,0.0676194429397583
41,E_F_ninet.png,E_M_ido.png,5.066666667,classifier.6,0.07788670063018799
42,E_F_ninet.png,E_M_liorA.png,5.2,classifier.6,0.08823591470718384
43,E_F_ninet.png,E_M_yuda.png,5.0,classifier.6,0.139917254447937
44,E_F_ninet.png,P_F_michaeli.png,3.933333333,classifier.6,0.09699690341949463
45,E_F_ninet.png,P_F_regev.png,2.6875,classifier.6,0.06969928741455078
46,E_F_ninet.png,P_F_shaked.png,3.214285714,classifier.6,0.15225303173065186
47,E_F_ninet.png,P_F_staiv.png,4.75,classifier.6,0.12625300884246826
48,E_F_ninet.png,P_M_benet.png,5.2,classifier.6,0.14207172393798828
49,E_F_ninet.png,P_M_buji.png,5.2,classifier.6,0.11735022068023682
50,E_F_ninet.png,P_M_gantz.png,4.9375,classifier.6,0.11420989036560059
51,E_F_ninet.png,P_M_lapid.png,4.5,classifier.6,0.16353440284729004
52,E_F_ninet.png,P_M_saar.png,5.333333333,classifier.6,0.08590400218963623
53,E_F_ninet.png,P_M_smut.png,4.8,classifier.6,0.1608572006225586
54,E_F_rotem_sela.png,E_F_shiri.png,3.722222222,classifier.6,0.10542219877243042
55,E_F_rotem_sela.png,E_M_asi.png,4.611111111,classifier.6,0.08112871646881104
56,E_F_rotem_sela.png,E_M_danker.png,4.764705882,classifier.6,0.07815861701965332
57,E_F_rotem_sela.png,E_M_ido.png,4.888888889,classifier.6,0.11640143394470215
58,E_F_rotem_sela.png,E_M_liorA.png,5.25,classifier.6,0.11647886037826538
59,E_F_rotem_sela.png,E_M_yuda.png,4.882352941,classifier.6,0.17090559005737305
60,E_F_rotem_sela.png,P_F_michaeli.png,3.555555556,classifier.6,0.0862877368927002
61,E_F_rotem_sela.png,P_F_regev.png,3.388888889,classifier.6,0.06474953889846802
62,E_F_rotem_sela.png,P_F_shaked.png,3.411764706,classifier.6,0.06855201721191406
63,E_F_rotem_sela.png,P_F_staiv.png,3.944444444,classifier.6,0.05339705944061279
64,E_F_rotem_sela.png,P_M_benet.png,4.823529412,classifier.6,0.10733121633529663
65,E_F_rotem_sela.png,P_M_buji.png,5.176470588,classifier.6,0.09133267402648926
66,E_F_rotem_sela.png,P_M_gantz.png,5.294117647,classifier.6,0.11116582155227661
67,E_F_rotem_sela.png,P_M_lapid.png,5.2,classifier.6,0.1657325029373169
68,E_F_rotem_sela.png,P_M_saar.png,5.25,classifier.6,0.08888447284698486
69,E_F_rotem_sela.png,P_M_smut.png,5.25,classifier.6,0.17251259088516235
70,E_F_shiri.png,E_M_asi.png,3.736842105,classifier.6,0.1761488914489746
71,E_F_shiri.png,E_M_danker.png,5.0,classifier.6,0.1743854284286499
72,E_F_shiri.png,E_M_ido.png,5.111111111,classifier.6,0.20850807428359985
73,E_F_shiri.png,E_M_liorA.png,4.823529412,classifier.6,0.22858965396881104
74,E_F_shiri.png,E_M_yuda.png,4.611111111,classifier.6,0.23835128545761108
75,E_F_shiri.png,P_F_michaeli.png,4.111111111,classifier.6,0.19691085815429688
76,E_F_shiri.png,P_F_regev.png,3.578947368,classifier.6,0.17465007305145264
77,E_F_shiri.png,P_F_shaked.png,3.294117647,classifier.6,0.11634373664855957
78,E_F_shiri.png,P_F_staiv.png,3.842105263,classifier.6,0.13283401727676392
79,E_F_shiri.png,P_M_benet.png,5.111111111,classifier.6,0.24169254302978516
80,E_F_shiri.png,P_M_buji.png,5.055555556,classifier.6,0.1568821668624878
81,E_F_shiri.png,P_M_gantz.png,5.0,classifier.6,0.1896733045578003
82,E_F_shiri.png,P_M_lapid.png,4.625,classifier.6,0.26201295852661133
83,E_F_shiri.png,P_M_saar.png,4.764705882,classifier.6,0.18678516149520874
84,E_F_shiri.png,P_M_smut.png,4.764705882,classifier.6,0.20634150505065918
85,E_M_asi.png,E_M_danker.png,3.722222222,classifier.6,0.03387463092803955
86,E_M_asi.png,E_M_ido.png,3.666666667,classifier.6,0.05688679218292236
87,E_M_asi.png,E_M_liorA.png,3.941176471,classifier.6,0.05463695526123047
88,E_M_asi.png,E_M_yuda.png,4.5,classifier.6,0.12573224306106567
89,E_M_asi.png,P_F_michaeli.png,4.444444444,classifier.6,0.026420891284942627
90,E_M_asi.png,P_F_regev.png,4.473684211,classifier.6,0.09571981430053711
91,E_M_asi.png,P_F_shaked.png,4.882352941,classifier.6,0.09181594848632812
92,E_M_asi.png,P_F_staiv.png,4.315789474,classifier.6,0.07800167798995972
93,E_M_asi.png,P_M_benet.png,4.666666667,classifier.6,0.06990325450897217
94,E_M_asi.png,P_M_buji.png,4.611111111,classifier.6,0.04303938150405884
95,E_M_asi.png,P_M_gantz.png,4.5,classifier.6,0.05786538124084473
96,E_M_asi.png,P_M_lapid.png,3.9375,classifier.6,0.17956286668777466
97,E_M_asi.png,P_M_saar.png,4.235294118,classifier.6,0.043145179748535156
98,E_M_asi.png,P_M_smut.png,4.176470588,classifier.6,0.11454606056213379
99,E_M_danker.png,E_M_ido.png,2.294117647,classifier.6,0.025732874870300293
100,E_M_danker.png,E_M_liorA.png,3.375,classifier.6,0.03748202323913574
101,E_M_danker.png,E_M_yuda.png,2.888888889,classifier.6,0.07006341218948364
102,E_M_danker.png,P_F_michaeli.png,3.705882353,classifier.6,0.02663135528564453
103,E_M_danker.png,P_F_regev.png,4.888888889,classifier.6,0.06947427988052368
104,E_M_danker.png,P_F_shaked.png,5.0625,classifier.6,0.13779938220977783
105,E_M_danker.png,P_F_staiv.png,4.888888889,classifier.6,0.08219444751739502
106,E_M_danker.png,P_M_benet.png,5.055555556,classifier.6,0.05073589086532593
107,E_M_danker.png,P_M_buji.png,4.764705882,classifier.6,0.02324753999710083
108,E_M_danker.png,P_M_gantz.png,4.882352941,classifier.6,0.03223419189453125
109,E_M_danker.png,P_M_lapid.png,3.8,classifier.6,0.10196316242218018
110,E_M_danker.png,P_M_saar.png,4.5,classifier.6,0.01794964075088501
111,E_M_danker.png,P_M_smut.png,3.4375,classifier.6,0.0608973503112793
112,E_M_ido.png,E_M_liorA.png,3.75,classifier.6,0.038767993450164795
113,E_M_ido.png,E_M_yuda.png,2.764705882,classifier.6,0.062386512756347656
114,E_M_ido.png,P_F_michaeli.png,3.333333333,classifier.6,0.05226653814315796
115,E_M_ido.png,P_F_regev.png,5.176470588,classifier.6,0.09203040599822998
116,E_M_ido.png,P_F_shaked.png,5.0,classifier.6,0.18012619018554688
117,E_M_ido.png,P_F_staiv.png,5.333333333,classifier.6,0.10754847526550293
118,E_M_ido.png,P_M_benet.png,5.235294118,classifier.6,0.07459139823913574
119,E_M_ido.png,P_M_buji.png,5.235294118,classifier.6,0.03955960273742676
120,E_M_ido.png,P_M_gantz.png,4.529411765,classifier.6,0.043309688568115234
121,E_M_ido.png,P_M_lapid.png,4.0,classifier.6,0.11536085605621338
122,E_M_ido.png,P_M_saar.png,4.1875,classifier.6,0.03940683603286743
123,E_M_ido.png,P_M_smut.png,4.25,classifier.6,0.05919855833053589
124,E_M_liorA.png,E_M_yuda.png,2.9375,classifier.6,0.07448738813400269
125,E_M_liorA.png,P_F_michaeli.png,4.6875,classifier.6,0.05417013168334961
126,E_M_liorA.png,P_F_regev.png,5.058823529,classifier.6,0.11758148670196533
127,E_M_liorA.png,P_F_shaked.png,5.25,classifier.6,0.15315258502960205
128,E_M_liorA.png,P_F_staiv.png,4.882352941,classifier.6,0.0993422269821167
129,E_M_liorA.png,P_M_benet.png,5.0625,classifier.6,0.06643390655517578
130,E_M_liorA.png,P_M_buji.png,3.4375,classifier.6,0.048246026039123535
131,E_M_liorA.png,P_M_gantz.png,3.882352941,classifier.6,0.06506490707397461
132,E_M_liorA.png,P_M_lapid.png,3.733333333,classifier.6,0.13414156436920166
133,E_M_liorA.png,P_M_saar.png,4.0625,classifier.6,0.05361133813858032
134,E_M_liorA.png,P_M_smut.png,3.933333333,classifier.6,0.09489285945892334
135,E_M_yuda.png,P_F_michaeli.png,4.529411765,classifier.6,0.10837125778198242
136,E_M_yuda.png,P_F_regev.png,5.277777778,classifier.6,0.16723287105560303
137,E_M_yuda.png,P_F_shaked.png,4.8125,classifier.6,0.2608078718185425
138,E_M_yuda.png,P_F_staiv.png,5.222222222,classifier.6,0.16168814897537231
139,E_M_yuda.png,P_M_benet.png,5.166666667,classifier.6,0.11508548259735107
140,E_M_yuda.png,P_M_buji.png,4.352941176,classifier.6,0.078188955783844
141,E_M_yuda.png,P_M_gantz.png,4.470588235,classifier.6,0.09206688404083252
142,E_M_yuda.png,P_M_lapid.png,4.333333333,classifier.6,0.10506004095077515
143,E_M_yuda.png,P_M_saar.png,4.733333333,classifier.6,0.09133052825927734
144,E_M_yuda.png,P_M_smut.png,3.8125,classifier.6,0.07730495929718018
145,P_F_michaeli.png,P_F_regev.png,4.277777778,classifier.6,0.09181392192840576
146,P_F_michaeli.png,P_F_shaked.png,4.529411765,classifier.6,0.13320565223693848
147,P_F_michaeli.png,P_F_staiv.png,3.722222222,classifier.6,0.08675587177276611
148,P_F_michaeli.png,P_M_benet.png,5.235294118,classifier.6,0.033855140209198
149,P_F_michaeli.png,P_M_buji.png,4.941176471,classifier.6,0.03709065914154053
150,P_F_michaeli.png,P_M_gantz.png,5.235294118,classifier.6,0.050393104553222656
151,P_F_michaeli.png,P_M_lapid.png,4.8,classifier.6,0.13898658752441406
152,P_F_michaeli.png,P_M_saar.png,4.125,classifier.6,0.03638601303100586
153,P_F_michaeli.png,P_M_smut.png,4.5625,classifier.6,0.08693253993988037
154,P_F_regev.png,P_F_shaked.png,3.0,classifier.6,0.1275937557220459
155,P_F_regev.png,P_F_staiv.png,3.684210526,classifier.6,0.091316819190979
156,P_F_regev.png,P_M_benet.png,4.666666667,classifier.6,0.12042433023452759
157,P_F_regev.png,P_M_buji.png,5.055555556,classifier.6,0.10267090797424316
158,P_F_regev.png,P_M_gantz.png,4.944444444,classifier.6,0.1021161675453186
159,P_F_regev.png,P_M_lapid.png,5.0625,classifier.6,0.14400362968444824
160,P_F_regev.png,P_M_saar.png,5.176470588,classifier.6,0.07916438579559326
161,P_F_regev.png,P_M_smut.png,4.882352941,classifier.6,0.1595139503479004
162,P_F_shaked.png,P_F_staiv.png,3.588235294,classifier.6,0.06999802589416504
163,P_F_shaked.png,P_M_benet.png,4.25,classifier.6,0.18174052238464355
164,P_F_shaked.png,P_M_buji.png,4.9375,classifier.6,0.14821606874465942
165,P_F_shaked.png,P_M_gantz.png,5.25,classifier.6,0.18963360786437988
166,P_F_shaked.png,P_M_lapid.png,4.857142857,classifier.6,0.29302889108657837
167,P_F_shaked.png,P_M_saar.png,5.066666667,classifier.6,0.15986597537994385
168,P_F_shaked.png,P_M_smut.png,4.266666667,classifier.6,0.23987776041030884
169,P_F_staiv.png,P_M_benet.png,4.722222222,classifier.6,0.11568093299865723
170,P_F_staiv.png,P_M_buji.png,5.0,classifier.6,0.10583245754241943
171,P_F_staiv.png,P_M_gantz.png,4.944444444,classifier.6,0.12539148330688477
172,P_F_staiv.png,P_M_lapid.png,5.3125,classifier.6,0.16049706935882568
173,P_F_staiv.png,P_M_saar.png,5.529411765,classifier.6,0.10407912731170654
174,P_F_staiv.png,P_M_smut.png,5.058823529,classifier.6,0.1530313491821289
175,P_M_benet.png,P_M_buji.png,4.470588235,classifier.6,0.04882800579071045
176,P_M_benet.png,P_M_gantz.png,4.647058824,classifier.6,0.068401038646698
177,P_M_benet.png,P_M_lapid.png,4.4,classifier.6,0.12754696607589722
178,P_M_benet.png,P_M_saar.png,4.1875,classifier.6,0.04987359046936035
179,P_M_benet.png,P_M_smut.png,4.875,classifier.6,0.10272091627120972
180,P_M_buji.png,P_M_gantz.png,3.882352941,classifier.6,0.021396994590759277
181,P_M_buji.png,P_M_lapid.png,4.466666667,classifier.6,0.13156700134277344
182,P_M_buji.png,P_M_saar.png,3.0625,classifier.6,0.022348344326019287
183,P_M_buji.png,P_M_smut.png,4.176470588,classifier.6,0.05803084373474121
184,P_M_gantz.png,P_M_lapid.png,4.5,classifier.6,0.11884850263595581
185,P_M_gantz.png,P_M_saar.png,4.588235294,classifier.6,0.02116096019744873
186,P_M_gantz.png,P_M_smut.png,4.9375,classifier.6,0.06749415397644043
187,P_M_lapid.png,P_M_saar.png,4.2,classifier.6,0.10443603992462158
188,P_M_lapid.png,P_M_smut.png,4.0,classifier.6,0.1383500099182129
189,P_M_saar.png,P_M_smut.png,4.733333333,classifier.6,0.07623344659805298
