img1,img2,distance,layer_name,model_computed_distance
E_F_angelina_jolie.jpg,E_F_jennifer_aniston.jpg,4.25,classifier.6,0.09583926200866699
E_F_angelina_jolie.jpg,E_F_Judi_Dench.jpg,4.421052632,classifier.6,0.04404318332672119
E_F_angelina_jolie.jpg,E_F_Kate_Winslet.jpg,4.05,classifier.6,0.08962500095367432
E_F_angelina_jolie.jpg,E_F_keira_knightley.jpg,3.75,classifier.6,0.05805152654647827
E_F_angelina_jolie.jpg,E_F_sandra_bullock.jpg,3.55,classifier.6,0.08254390954971313
E_F_angelina_jolie.jpg,E_M_Hugh_Grant.jpg,4.85,classifier.6,0.08513903617858887
E_F_angelina_jolie.jpg,E_M_michael_caine.jpg,5.631578947,classifier.6,0.07851141691207886
E_F_angelina_jolie.jpg,E_M_nicolas_cage.jpg,5.0,classifier.6,0.06760150194168091
E_F_angelina_jolie.jpg,E_M_robert_de_niro.jpg,5.294117647,classifier.6,0.0876355767250061
E_F_angelina_jolie.jpg,E_M_tom_hankes.jpg,5.4,classifier.6,0.0481756329536438
E_F_angelina_jolie.jpg,P_F_hillary_clinton.jpg,4.444444444,classifier.6,0.053439199924468994
E_F_angelina_jolie.jpg,P_F_nicola_sturgeon.jpg,5.263157895,classifier.6,0.09288531541824341
E_F_angelina_jolie.jpg,P_F_theresy_may.jpg,5.45,classifier.6,0.06200897693634033
E_F_angelina_jolie.jpg,P_M_bill_clinton.jpg,5.647058824,classifier.6,0.10937917232513428
E_F_angelina_jolie.jpg,P_M_boris_johnson.jpg,5.8,classifier.6,0.11208200454711914
E_F_angelina_jolie.jpg,P_M_david_cameron.jpg,5.35,classifier.6,0.14798849821090698
E_F_angelina_jolie.jpg,P_M_donald_trump.jpg,5.85,classifier.6,0.07903474569320679
E_F_angelina_jolie.jpg,P_M_george_Wbush.jpg,5.368421053,classifier.6,0.056180357933044434
E_F_angelina_jolie.jpg,P_M_Tony_Blair.jpg,5.05,classifier.6,0.08039140701293945
E_F_jennifer_aniston.jpg,E_F_Judi_Dench.jpg,4.684210526,classifier.6,0.1255776286125183
E_F_jennifer_aniston.jpg,E_F_Kate_Winslet.jpg,3.8,classifier.6,0.13225913047790527
E_F_jennifer_aniston.jpg,E_F_keira_knightley.jpg,3.9,classifier.6,0.05528742074966431
E_F_jennifer_aniston.jpg,E_F_sandra_bullock.jpg,4.1,classifier.6,0.09362286329269409
E_F_jennifer_aniston.jpg,E_M_Hugh_Grant.jpg,4.75,classifier.6,0.14467865228652954
E_F_jennifer_aniston.jpg,E_M_michael_caine.jpg,5.631578947,classifier.6,0.17177844047546387
E_F_jennifer_aniston.jpg,E_M_nicolas_cage.jpg,5.0,classifier.6,0.11492931842803955
E_F_jennifer_aniston.jpg,E_M_robert_de_niro.jpg,5.294117647,classifier.6,0.1023445725440979
E_F_jennifer_aniston.jpg,E_M_tom_hankes.jpg,4.9,classifier.6,0.13508224487304688
E_F_jennifer_aniston.jpg,P_F_hillary_clinton.jpg,4.333333333,classifier.6,0.0718877911567688
E_F_jennifer_aniston.jpg,P_F_nicola_sturgeon.jpg,5.105263158,classifier.6,0.0584254264831543
E_F_jennifer_aniston.jpg,P_F_theresy_may.jpg,5.05,classifier.6,0.11089664697647095
E_F_jennifer_aniston.jpg,P_M_bill_clinton.jpg,5.176470588,classifier.6,0.1540101170539856
E_F_jennifer_aniston.jpg,P_M_boris_johnson.jpg,5.25,classifier.6,0.11511850357055664
E_F_jennifer_aniston.jpg,P_M_david_cameron.jpg,5.3,classifier.6,0.221896231174469
E_F_jennifer_aniston.jpg,P_M_donald_trump.jpg,5.7,classifier.6,0.14765435457229614
E_F_jennifer_aniston.jpg,P_M_george_Wbush.jpg,5.35,classifier.6,0.11076712608337402
E_F_jennifer_aniston.jpg,P_M_Tony_Blair.jpg,5.2,classifier.6,0.11134368181228638
E_F_Judi_Dench.jpg,E_F_Kate_Winslet.jpg,4.5,classifier.6,0.07507753372192383
E_F_Judi_Dench.jpg,E_F_keira_knightley.jpg,5.157894737,classifier.6,0.10128909349441528
E_F_Judi_Dench.jpg,E_F_sandra_bullock.jpg,4.789473684,classifier.6,0.14383786916732788
E_F_Judi_Dench.jpg,E_M_Hugh_Grant.jpg,5.0,classifier.6,0.06838595867156982
E_F_Judi_Dench.jpg,E_M_michael_caine.jpg,4.777777778,classifier.6,0.06536662578582764
E_F_Judi_Dench.jpg,E_M_nicolas_cage.jpg,5.722222222,classifier.6,0.09372520446777344
E_F_Judi_Dench.jpg,E_M_robert_de_niro.jpg,4.625,classifier.6,0.12039065361022949
E_F_Judi_Dench.jpg,E_M_tom_hankes.jpg,5.0,classifier.6,0.0598297119140625
E_F_Judi_Dench.jpg,P_F_hillary_clinton.jpg,3.944444444,classifier.6,0.04337263107299805
E_F_Judi_Dench.jpg,P_F_nicola_sturgeon.jpg,4.052631579,classifier.6,0.12166237831115723
E_F_Judi_Dench.jpg,P_F_theresy_may.jpg,3.631578947,classifier.6,0.07368576526641846
E_F_Judi_Dench.jpg,P_M_bill_clinton.jpg,4.3125,classifier.6,0.08469367027282715
E_F_Judi_Dench.jpg,P_M_boris_johnson.jpg,4.894736842,classifier.6,0.0923469066619873
E_F_Judi_Dench.jpg,P_M_david_cameron.jpg,4.666666667,classifier.6,0.10360103845596313
E_F_Judi_Dench.jpg,P_M_donald_trump.jpg,5.157894737,classifier.6,0.06944096088409424
E_F_Judi_Dench.jpg,P_M_george_Wbush.jpg,4.894736842,classifier.6,0.07996821403503418
E_F_Judi_Dench.jpg,P_M_Tony_Blair.jpg,4.684210526,classifier.6,0.11997097730636597
E_F_Kate_Winslet.jpg,E_F_keira_knightley.jpg,3.9,classifier.6,0.08580577373504639
E_F_Kate_Winslet.jpg,E_F_sandra_bullock.jpg,3.95,classifier.6,0.1328161358833313
E_F_Kate_Winslet.jpg,E_M_Hugh_Grant.jpg,4.95,classifier.6,0.17175495624542236
E_F_Kate_Winslet.jpg,E_M_michael_caine.jpg,5.315789474,classifier.6,0.1664692759513855
E_F_Kate_Winslet.jpg,E_M_nicolas_cage.jpg,5.210526316,classifier.6,0.1564520001411438
E_F_Kate_Winslet.jpg,E_M_robert_de_niro.jpg,5.235294118,classifier.6,0.1903936266899109
E_F_Kate_Winslet.jpg,E_M_tom_hankes.jpg,5.25,classifier.6,0.12593770027160645
E_F_Kate_Winslet.jpg,P_F_hillary_clinton.jpg,3.888888889,classifier.6,0.05556774139404297
E_F_Kate_Winslet.jpg,P_F_nicola_sturgeon.jpg,5.157894737,classifier.6,0.17486971616744995
E_F_Kate_Winslet.jpg,P_F_theresy_may.jpg,5.25,classifier.6,0.1431370973587036
E_F_Kate_Winslet.jpg,P_M_bill_clinton.jpg,5.117647059,classifier.6,0.1991502046585083
E_F_Kate_Winslet.jpg,P_M_boris_johnson.jpg,5.25,classifier.6,0.12410449981689453
E_F_Kate_Winslet.jpg,P_M_david_cameron.jpg,5.15,classifier.6,0.1226082444190979
E_F_Kate_Winslet.jpg,P_M_donald_trump.jpg,5.75,classifier.6,0.15202826261520386
E_F_Kate_Winslet.jpg,P_M_george_Wbush.jpg,5.25,classifier.6,0.16715097427368164
E_F_Kate_Winslet.jpg,P_M_Tony_Blair.jpg,5.35,classifier.6,0.1907925009727478
E_F_keira_knightley.jpg,E_F_sandra_bullock.jpg,2.5,classifier.6,0.07153522968292236
E_F_keira_knightley.jpg,E_M_Hugh_Grant.jpg,4.75,classifier.6,0.13448643684387207
E_F_keira_knightley.jpg,E_M_michael_caine.jpg,5.631578947,classifier.6,0.1417027711868286
E_F_keira_knightley.jpg,E_M_nicolas_cage.jpg,5.105263158,classifier.6,0.09164798259735107
E_F_keira_knightley.jpg,E_M_robert_de_niro.jpg,5.529411765,classifier.6,0.10673481225967407
E_F_keira_knightley.jpg,E_M_tom_hankes.jpg,5.6,classifier.6,0.09791731834411621
E_F_keira_knightley.jpg,P_F_hillary_clinton.jpg,5.0,classifier.6,0.06842613220214844
E_F_keira_knightley.jpg,P_F_nicola_sturgeon.jpg,4.789473684,classifier.6,0.10663974285125732
E_F_keira_knightley.jpg,P_F_theresy_may.jpg,5.35,classifier.6,0.10473471879959106
E_F_keira_knightley.jpg,P_M_bill_clinton.jpg,5.529411765,classifier.6,0.14226871728897095
E_F_keira_knightley.jpg,P_M_boris_johnson.jpg,5.7,classifier.6,0.1326155662536621
E_F_keira_knightley.jpg,P_M_david_cameron.jpg,5.25,classifier.6,0.17335855960845947
E_F_keira_knightley.jpg,P_M_donald_trump.jpg,5.9,classifier.6,0.13124775886535645
E_F_keira_knightley.jpg,P_M_george_Wbush.jpg,5.55,classifier.6,0.10669869184494019
E_F_keira_knightley.jpg,P_M_Tony_Blair.jpg,5.45,classifier.6,0.1121017336845398
E_F_sandra_bullock.jpg,E_M_Hugh_Grant.jpg,4.45,classifier.6,0.17411911487579346
E_F_sandra_bullock.jpg,E_M_michael_caine.jpg,5.578947368,classifier.6,0.14492344856262207
E_F_sandra_bullock.jpg,E_M_nicolas_cage.jpg,5.105263158,classifier.6,0.09933006763458252
E_F_sandra_bullock.jpg,E_M_robert_de_niro.jpg,5.294117647,classifier.6,0.09622520208358765
E_F_sandra_bullock.jpg,E_M_tom_hankes.jpg,5.3,classifier.6,0.09120666980743408
E_F_sandra_bullock.jpg,P_F_hillary_clinton.jpg,4.833333333,classifier.6,0.1133805513381958
E_F_sandra_bullock.jpg,P_F_nicola_sturgeon.jpg,4.789473684,classifier.6,0.1445993185043335
E_F_sandra_bullock.jpg,P_F_theresy_may.jpg,5.45,classifier.6,0.1066673994064331
E_F_sandra_bullock.jpg,P_M_bill_clinton.jpg,5.588235294,classifier.6,0.17350763082504272
E_F_sandra_bullock.jpg,P_M_boris_johnson.jpg,5.75,classifier.6,0.1620272397994995
E_F_sandra_bullock.jpg,P_M_david_cameron.jpg,5.2,classifier.6,0.1877952218055725
E_F_sandra_bullock.jpg,P_M_donald_trump.jpg,5.8,classifier.6,0.1291179656982422
E_F_sandra_bullock.jpg,P_M_george_Wbush.jpg,5.45,classifier.6,0.1474090814590454
E_F_sandra_bullock.jpg,P_M_Tony_Blair.jpg,5.35,classifier.6,0.0970449447631836
E_M_Hugh_Grant.jpg,E_M_michael_caine.jpg,4.842105263,classifier.6,0.039849817752838135
E_M_Hugh_Grant.jpg,E_M_nicolas_cage.jpg,4.684210526,classifier.6,0.05725693702697754
E_M_Hugh_Grant.jpg,E_M_robert_de_niro.jpg,4.647058824,classifier.6,0.09205430746078491
E_M_Hugh_Grant.jpg,E_M_tom_hankes.jpg,4.9,classifier.6,0.060559988021850586
E_M_Hugh_Grant.jpg,P_F_hillary_clinton.jpg,5.0,classifier.6,0.09492480754852295
E_M_Hugh_Grant.jpg,P_F_nicola_sturgeon.jpg,5.263157895,classifier.6,0.1279861330986023
E_M_Hugh_Grant.jpg,P_F_theresy_may.jpg,5.157894737,classifier.6,0.10284370183944702
E_M_Hugh_Grant.jpg,P_M_bill_clinton.jpg,4.588235294,classifier.6,0.04367470741271973
E_M_Hugh_Grant.jpg,P_M_boris_johnson.jpg,5.05,classifier.6,0.10489803552627563
E_M_Hugh_Grant.jpg,P_M_david_cameron.jpg,3.95,classifier.6,0.13421422243118286
E_M_Hugh_Grant.jpg,P_M_donald_trump.jpg,5.578947368,classifier.6,0.04880845546722412
E_M_Hugh_Grant.jpg,P_M_george_Wbush.jpg,5.15,classifier.6,0.05672508478164673
E_M_Hugh_Grant.jpg,P_M_Tony_Blair.jpg,4.75,classifier.6,0.09262901544570923
E_M_michael_caine.jpg,E_M_nicolas_cage.jpg,4.611111111,classifier.6,0.050016701221466064
E_M_michael_caine.jpg,E_M_robert_de_niro.jpg,3.529411765,classifier.6,0.07646507024765015
E_M_michael_caine.jpg,E_M_tom_hankes.jpg,4.368421053,classifier.6,0.048004746437072754
E_M_michael_caine.jpg,P_F_hillary_clinton.jpg,4.705882353,classifier.6,0.10820019245147705
E_M_michael_caine.jpg,P_F_nicola_sturgeon.jpg,5.111111111,classifier.6,0.1579829454421997
E_M_michael_caine.jpg,P_F_theresy_may.jpg,5.052631579,classifier.6,0.07780539989471436
E_M_michael_caine.jpg,P_M_bill_clinton.jpg,4.117647059,classifier.6,0.060017406940460205
E_M_michael_caine.jpg,P_M_boris_johnson.jpg,4.421052632,classifier.6,0.08719837665557861
E_M_michael_caine.jpg,P_M_david_cameron.jpg,4.526315789,classifier.6,0.12035781145095825
E_M_michael_caine.jpg,P_M_donald_trump.jpg,4.578947368,classifier.6,0.02143263816833496
E_M_michael_caine.jpg,P_M_george_Wbush.jpg,4.105263158,classifier.6,0.05129659175872803
E_M_michael_caine.jpg,P_M_Tony_Blair.jpg,3.789473684,classifier.6,0.07071632146835327
E_M_nicolas_cage.jpg,E_M_robert_de_niro.jpg,3.3125,classifier.6,0.05357670783996582
E_M_nicolas_cage.jpg,E_M_tom_hankes.jpg,4.444444444,classifier.6,0.030241012573242188
E_M_nicolas_cage.jpg,P_F_hillary_clinton.jpg,5.647058824,classifier.6,0.10624182224273682
E_M_nicolas_cage.jpg,P_F_nicola_sturgeon.jpg,5.277777778,classifier.6,0.1304539442062378
E_M_nicolas_cage.jpg,P_F_theresy_may.jpg,5.210526316,classifier.6,0.08076941967010498
E_M_nicolas_cage.jpg,P_M_bill_clinton.jpg,4.941176471,classifier.6,0.06335622072219849
E_M_nicolas_cage.jpg,P_M_boris_johnson.jpg,5.388888889,classifier.6,0.10970735549926758
E_M_nicolas_cage.jpg,P_M_david_cameron.jpg,4.210526316,classifier.6,0.14053761959075928
E_M_nicolas_cage.jpg,P_M_donald_trump.jpg,4.473684211,classifier.6,0.04628497362136841
E_M_nicolas_cage.jpg,P_M_george_Wbush.jpg,3.842105263,classifier.6,0.05887436866760254
E_M_nicolas_cage.jpg,P_M_Tony_Blair.jpg,4.526315789,classifier.6,0.06898009777069092
E_M_robert_de_niro.jpg,E_M_tom_hankes.jpg,4.352941176,classifier.6,0.07181859016418457
E_M_robert_de_niro.jpg,P_F_hillary_clinton.jpg,5.0,classifier.6,0.12719124555587769
E_M_robert_de_niro.jpg,P_F_nicola_sturgeon.jpg,5.3125,classifier.6,0.08780503273010254
E_M_robert_de_niro.jpg,P_F_theresy_may.jpg,5.117647059,classifier.6,0.09841108322143555
E_M_robert_de_niro.jpg,P_M_bill_clinton.jpg,4.8125,classifier.6,0.07050865888595581
E_M_robert_de_niro.jpg,P_M_boris_johnson.jpg,4.647058824,classifier.6,0.09766381978988647
E_M_robert_de_niro.jpg,P_M_david_cameron.jpg,4.705882353,classifier.6,0.15539419651031494
E_M_robert_de_niro.jpg,P_M_donald_trump.jpg,4.823529412,classifier.6,0.05466461181640625
E_M_robert_de_niro.jpg,P_M_george_Wbush.jpg,4.176470588,classifier.6,0.06462836265563965
E_M_robert_de_niro.jpg,P_M_Tony_Blair.jpg,3.705882353,classifier.6,0.02219855785369873
E_M_tom_hankes.jpg,P_F_hillary_clinton.jpg,4.888888889,classifier.6,0.09155768156051636
E_M_tom_hankes.jpg,P_F_nicola_sturgeon.jpg,5.473684211,classifier.6,0.1357100009918213
E_M_tom_hankes.jpg,P_F_theresy_may.jpg,5.2,classifier.6,0.07892805337905884
E_M_tom_hankes.jpg,P_M_bill_clinton.jpg,4.470588235,classifier.6,0.08287501335144043
E_M_tom_hankes.jpg,P_M_boris_johnson.jpg,5.05,classifier.6,0.12956619262695312
E_M_tom_hankes.jpg,P_M_david_cameron.jpg,3.578947368,classifier.6,0.12763190269470215
E_M_tom_hankes.jpg,P_M_donald_trump.jpg,4.65,classifier.6,0.0463641881942749
E_M_tom_hankes.jpg,P_M_george_Wbush.jpg,3.7,classifier.6,0.06145137548446655
E_M_tom_hankes.jpg,P_M_Tony_Blair.jpg,4.05,classifier.6,0.06837058067321777
P_F_hillary_clinton.jpg,P_F_nicola_sturgeon.jpg,3.611111111,classifier.6,0.09228169918060303
P_F_hillary_clinton.jpg,P_F_theresy_may.jpg,3.333333333,classifier.6,0.08096015453338623
P_F_hillary_clinton.jpg,P_M_bill_clinton.jpg,4.4,classifier.6,0.12723636627197266
P_F_hillary_clinton.jpg,P_M_boris_johnson.jpg,4.333333333,classifier.6,0.07369893789291382
P_F_hillary_clinton.jpg,P_M_david_cameron.jpg,4.944444444,classifier.6,0.141168475151062
P_F_hillary_clinton.jpg,P_M_donald_trump.jpg,4.722222222,classifier.6,0.10329395532608032
P_F_hillary_clinton.jpg,P_M_george_Wbush.jpg,4.722222222,classifier.6,0.09115773439407349
P_F_hillary_clinton.jpg,P_M_Tony_Blair.jpg,5.111111111,classifier.6,0.12743043899536133
P_F_nicola_sturgeon.jpg,P_F_theresy_may.jpg,3.526315789,classifier.6,0.10530883073806763
P_F_nicola_sturgeon.jpg,P_M_bill_clinton.jpg,4.5625,classifier.6,0.13296794891357422
P_F_nicola_sturgeon.jpg,P_M_boris_johnson.jpg,5.052631579,classifier.6,0.12538117170333862
P_F_nicola_sturgeon.jpg,P_M_david_cameron.jpg,5.0,classifier.6,0.2370455265045166
P_F_nicola_sturgeon.jpg,P_M_donald_trump.jpg,5.0,classifier.6,0.13748443126678467
P_F_nicola_sturgeon.jpg,P_M_george_Wbush.jpg,4.421052632,classifier.6,0.08457982540130615
P_F_nicola_sturgeon.jpg,P_M_Tony_Blair.jpg,4.736842105,classifier.6,0.08522868156433105
P_F_theresy_may.jpg,P_M_bill_clinton.jpg,4.176470588,classifier.6,0.10316109657287598
P_F_theresy_may.jpg,P_M_boris_johnson.jpg,4.65,classifier.6,0.09900683164596558
P_F_theresy_may.jpg,P_M_david_cameron.jpg,5.0,classifier.6,0.1795870065689087
P_F_theresy_may.jpg,P_M_donald_trump.jpg,4.5,classifier.6,0.07520556449890137
P_F_theresy_may.jpg,P_M_george_Wbush.jpg,4.6,classifier.6,0.08495074510574341
P_F_theresy_may.jpg,P_M_Tony_Blair.jpg,4.3,classifier.6,0.09960711002349854
P_M_bill_clinton.jpg,P_M_boris_johnson.jpg,3.941176471,classifier.6,0.10124582052230835
P_M_bill_clinton.jpg,P_M_david_cameron.jpg,3.75,classifier.6,0.1378650665283203
P_M_bill_clinton.jpg,P_M_donald_trump.jpg,4.294117647,classifier.6,0.04730802774429321
P_M_bill_clinton.jpg,P_M_george_Wbush.jpg,4.411764706,classifier.6,0.07422053813934326
P_M_bill_clinton.jpg,P_M_Tony_Blair.jpg,3.941176471,classifier.6,0.09792250394821167
P_M_boris_johnson.jpg,P_M_david_cameron.jpg,4.15,classifier.6,0.13915705680847168
P_M_boris_johnson.jpg,P_M_donald_trump.jpg,3.45,classifier.6,0.06390571594238281
P_M_boris_johnson.jpg,P_M_george_Wbush.jpg,4.15,classifier.6,0.08498358726501465
P_M_boris_johnson.jpg,P_M_Tony_Blair.jpg,4.35,classifier.6,0.10567593574523926
P_M_david_cameron.jpg,P_M_donald_trump.jpg,4.7,classifier.6,0.11738592386245728
P_M_david_cameron.jpg,P_M_george_Wbush.jpg,4.0,classifier.6,0.17320126295089722
P_M_david_cameron.jpg,P_M_Tony_Blair.jpg,3.95,classifier.6,0.16828268766403198
P_M_donald_trump.jpg,P_M_george_Wbush.jpg,3.736842105,classifier.6,0.047773540019989014
P_M_donald_trump.jpg,P_M_Tony_Blair.jpg,4.6,classifier.6,0.0576474666595459
P_M_george_Wbush.jpg,P_M_Tony_Blair.jpg,3.0,classifier.6,0.05190157890319824
