Unnamed: 0,img1,img2,same,layer_name,model_computed_distance
1,Aaron_Guiel_0001.jpg,Pascal_Rheaume_0001.jpg,0,classifier.6,0.1513691544532776
2,Ahmed_Qureia_0001.jpg,Stanley_McChrystal_0003.jpg,0,classifier.6,0.19636952877044678
3,Ai_Sugiyama_0004.jpg,Ai_Sugiyama_0005.jpg,1,classifier.6,0.15923762321472168
4,Aishwarya_Rai_0001.jpg,Dinah_Turner_0001.jpg,0,classifier.6,0.22525203227996826
5,Al_Pacino_0001.jpg,Al_Pacino_0002.jpg,1,classifier.6,0.15784358978271484
6,Al_Sharpton_0002.jpg,Al_Sharpton_0004.jpg,1,classifier.6,0.08122110366821289
7,Alan_Ball_0001.jpg,Alan_Ball_0002.jpg,1,classifier.6,0.024568915367126465
8,Alastair_Campbell_0002.jpg,Alastair_Campbell_0004.jpg,1,classifier.6,0.15028560161590576
9,Alisha_Richman_0001.jpg,Katerina_Smrzova_0001.jpg,0,classifier.6,0.283047616481781
10,Allan_Houston_0001.jpg,Andy_Garcia_0001.jpg,0,classifier.6,0.1284024715423584
11,Ally_Sheedy_0001.jpg,Myung_Yang_0001.jpg,0,classifier.6,0.17925846576690674
12,Alvaro_Silva_Calderon_0001.jpg,Alvaro_Silva_Calderon_0002.jpg,1,classifier.6,0.05350285768508911
13,Amanda_Bynes_0002.jpg,Amanda_Bynes_0003.jpg,1,classifier.6,0.23016858100891113
14,Amanda_Coetzer_0001.jpg,Amanda_Coetzer_0002.jpg,1,classifier.6,0.214533269405365
15,Amelia_Vega_0001.jpg,Gina_Lollobrigida_0001.jpg,0,classifier.6,0.20567858219146729
16,Amelie_Mauresmo_0011.jpg,Amelie_Mauresmo_0017.jpg,1,classifier.6,0.1752879023551941
17,Andrea_Bocelli_0001.jpg,Natalya_Sazanovich_0001.jpg,0,classifier.6,0.1060328483581543
18,Andrea_Kiser_0001.jpg,Ellen_Barkin_0001.jpg,0,classifier.6,0.08233261108398438
19,Andy_Warhol_0001.jpg,Paul-Henri_Mathieu_0002.jpg,0,classifier.6,0.12569200992584229
20,Angela_Merkel_0003.jpg,Anna_Jones_0001.jpg,0,classifier.6,0.16801071166992188
21,Anita_DeFrantz_0001.jpg,Carla_Gay_Balingit_0001.jpg,0,classifier.6,0.07821166515350342
22,Anja_Paerson_0001.jpg,Ruth_Pearce_0001.jpg,0,classifier.6,0.4979991912841797
23,Anne_Heche_0001.jpg,Sasha_Alexander_0001.jpg,0,classifier.6,0.10617369413375854
24,Anne_ONeil_0001.jpg,Sophie_0001.jpg,0,classifier.6,0.19105452299118042
25,Anthony_Corso_0001.jpg,Ray_Allen_0003.jpg,0,classifier.6,0.23603618144989014
26,Anthony_Hopkins_0002.jpg,Orlando_Bloom_0001.jpg,0,classifier.6,0.1773064136505127
27,Antonio_Palocci_0005.jpg,Jose_Woldenberg_0001.jpg,0,classifier.6,0.07953453063964844
28,Arnoldo_Aleman_0003.jpg,Arnoldo_Aleman_0005.jpg,1,classifier.6,0.07908916473388672
29,Arye_Mekel_0001.jpg,Arye_Mekel_0002.jpg,1,classifier.6,0.13507962226867676
30,Ascencion_Barajas_0001.jpg,Chris_Hernandez_0001.jpg,0,classifier.6,0.19691723585128784
31,Ashley_Judd_0001.jpg,Joan_Jett_0001.jpg,0,classifier.6,0.3664122223854065
32,Ashley_Postell_0001.jpg,Casy_Preslar_0001.jpg,0,classifier.6,0.13892501592636108
33,Azmi_Bishara_0001.jpg,Sammy_Sosa_0002.jpg,0,classifier.6,0.5686092972755432
34,Barbara_Brezigar_0002.jpg,Doris_Roberts_0002.jpg,0,classifier.6,0.11303746700286865
35,Barbara_Felt-Miller_0001.jpg,Leticia_Dolera_0001.jpg,0,classifier.6,0.07689952850341797
36,Barbara_Walters_0001.jpg,Barbara_Walters_0003.jpg,1,classifier.6,0.06061053276062012
37,Barbara_Walters_0001.jpg,Barbara_Walters_0004.jpg,1,classifier.6,0.17243194580078125
38,Barry_Alvarez_0001.jpg,John_Jones_0001.jpg,0,classifier.6,0.1954529881477356
39,Benazir_Bhutto_0002.jpg,Benazir_Bhutto_0004.jpg,1,classifier.6,0.25612735748291016
40,Bernard_Landry_0003.jpg,Stacey_Jones_0001.jpg,0,classifier.6,0.1384139060974121
41,Bill_Nelson_0001.jpg,Kim_Jong-Il_0003.jpg,0,classifier.6,0.12254583835601807
42,Bill_Simon_0011.jpg,Bill_Simon_0015.jpg,1,classifier.6,0.19121122360229492
43,Bixente_LIzarazu_0001.jpg,Chris_Bell_0002.jpg,0,classifier.6,0.1462404727935791
44,Bixente_LIzarazu_0001.jpg,Todd_Wike_0001.jpg,0,classifier.6,0.08824676275253296
45,BJ_Habibie_0001.jpg,Craig_MacTavish_0001.jpg,0,classifier.6,0.18619930744171143
46,Bob_Graham_0002.jpg,Dwayne_Wade_0001.jpg,0,classifier.6,0.14673388004302979
47,Brad_Wilk_0001.jpg,Phil_Cline_0001.jpg,0,classifier.6,0.301577627658844
48,Brandon_Inge_0001.jpg,Eric_Lloyd_0001.jpg,0,classifier.6,0.15264081954956055
49,Brandon_Webb_0001.jpg,Ryan_Leaf_0001.jpg,0,classifier.6,0.15856796503067017
50,Brian_Billick_0001.jpg,John_Wayne_0001.jpg,0,classifier.6,0.3505665063858032
51,Brian_StPierre_0001.jpg,Steve_Mariucci_0002.jpg,0,classifier.6,0.17715442180633545
52,Brooke_Adams_0001.jpg,Paula_Prentiss_0001.jpg,0,classifier.6,0.08961230516433716
53,Bud_Selig_0002.jpg,Bud_Selig_0003.jpg,1,classifier.6,0.11196792125701904
54,Cameron_Diaz_0005.jpg,Nadia_Petrova_0002.jpg,0,classifier.6,0.2928072214126587
55,Carla_Del_Ponte_0001.jpg,Carla_Del_Ponte_0002.jpg,1,classifier.6,0.11894601583480835
56,Carla_Gugino_0001.jpg,Kelly_Leigh_0001.jpg,0,classifier.6,0.13210105895996094
57,Carla_Moreno_0001.jpg,Suzanne_Torrance_0001.jpg,0,classifier.6,0.27629780769348145
58,Carlos_Ghosn_0002.jpg,Ray_Allen_0003.jpg,0,classifier.6,0.18866825103759766
59,Carly_Fiorina_0001.jpg,Carly_Fiorina_0002.jpg,1,classifier.6,0.1286712884902954
60,Carolina_Barco_0001.jpg,Lindsay_Davenport_0022.jpg,0,classifier.6,0.3925750255584717
61,Carolina_Kluft_0001.jpg,Carolina_Kluft_0002.jpg,1,classifier.6,0.07834053039550781
62,Carolyn_Dawn_Johnson_0002.jpg,Carolyn_Dawn_Johnson_0003.jpg,1,classifier.6,0.05062365531921387
63,Carolyn_Dawn_Johnson_0003.jpg,Lydia_Shum_0001.jpg,0,classifier.6,0.12210595607757568
64,Casey_Crowder_0001.jpg,Phoenix_Chang_0001.jpg,0,classifier.6,0.11633116006851196
65,Catherine_Ndereba_0001.jpg,Janet_Napolitano_0004.jpg,0,classifier.6,0.1857600212097168
66,Celine_Dion_0003.jpg,Celine_Dion_0008.jpg,1,classifier.6,0.12255609035491943
67,Celine_Dion_0005.jpg,Linda_Baboolal_0001.jpg,0,classifier.6,0.14098519086837769
68,Cesar_Gaviria_0002.jpg,Cesar_Gaviria_0004.jpg,1,classifier.6,0.11833071708679199
69,Charla_Moye_0001.jpg,Patti_Balgojevich_0001.jpg,0,classifier.6,0.7061227560043335
70,Charles_Bronson_0002.jpg,Hu_Jintao_0004.jpg,0,classifier.6,0.21092939376831055
71,Charles_Mathews_0001.jpg,Will_Ferrell_0001.jpg,0,classifier.6,0.20579397678375244
72,Charles_Schumer_0002.jpg,Lionel_Chalmers_0001.jpg,0,classifier.6,0.11366701126098633
73,Charlotte_Rampling_0001.jpg,Lana_Clarkson_0002.jpg,0,classifier.6,0.1515657901763916
74,Cherie_Blair_0001.jpg,Cherie_Blair_0004.jpg,1,classifier.6,0.07488507032394409
75,Chris_Bell_0002.jpg,Pharrell_Williams_0001.jpg,0,classifier.6,0.10876893997192383
76,Christina_Aguilera_0001.jpg,Christina_Aguilera_0004.jpg,1,classifier.6,0.22254961729049683
77,Christine_Baumgartner_0001.jpg,Christine_Baumgartner_0002.jpg,1,classifier.6,0.11372721195220947
78,Christine_Gregoire_0001.jpg,Christine_Gregoire_0004.jpg,1,classifier.6,0.13555359840393066
79,Christine_Gregoire_0004.jpg,Wang_Hailan_0001.jpg,0,classifier.6,0.17893433570861816
80,Christine_Todd_Whitman_0002.jpg,Christine_Todd_Whitman_0003.jpg,1,classifier.6,0.12626081705093384
81,Claire_De_Gryse_0001.jpg,Deb_Santos_0001.jpg,0,classifier.6,0.20553994178771973
82,Claudia_Pechstein_0001.jpg,Claudia_Pechstein_0002.jpg,1,classifier.6,0.08305734395980835
83,Claudia_Pechstein_0002.jpg,Mireille_Jospin-Dandieu_0001.jpg,0,classifier.6,0.20055216550827026
84,Claudia_Pechstein_0004.jpg,Claudia_Pechstein_0005.jpg,1,classifier.6,0.2254135012626648
85,Claudia_Schiffer_0001.jpg,Claudia_Schiffer_0002.jpg,1,classifier.6,0.10271573066711426
86,Cole_Chapman_0001.jpg,Marisol_Martinez_Sambran_0001.jpg,0,classifier.6,0.1584700345993042
87,Colin_Jackson_0001.jpg,Colin_Jackson_0002.jpg,1,classifier.6,0.07164591550827026
88,Colleen_Atwood_0001.jpg,Penelope_Cruz_0002.jpg,0,classifier.6,0.13092350959777832
89,Condoleezza_Rice_0001.jpg,Condoleezza_Rice_0004.jpg,1,classifier.6,0.11121052503585815
90,Courtney_Love_0001.jpg,Jennifer_Aniston_0003.jpg,0,classifier.6,0.11667156219482422
91,Cristian_Barros_0001.jpg,Steve_Largent_0001.jpg,0,classifier.6,0.06560897827148438
92,Cristina_Kirchner_0001.jpg,Stefanie_De_Roux_0001.jpg,0,classifier.6,0.04360306262969971
93,Cruz_Bustamante_0001.jpg,Cruz_Bustamante_0004.jpg,1,classifier.6,0.16841107606887817
94,Curtis_Rodriguez_0001.jpg,John_Blaney_0002.jpg,0,classifier.6,0.13766682147979736
95,Daisy_Fuentes_0002.jpg,Daisy_Fuentes_0003.jpg,1,classifier.6,0.073813796043396
96,Dan_LaCoutre_0001.jpg,Gustavo_Kuerten_0002.jpg,0,classifier.6,0.20317351818084717
97,Daniel_Radcliffe_0001.jpg,Daniel_Radcliffe_0004.jpg,1,classifier.6,0.10197848081588745
98,Danielle_Spencer_0001.jpg,Rachel_Wheatley_0001.jpg,0,classifier.6,0.15993249416351318
99,David_Beckham_0011.jpg,David_Beckham_0029.jpg,1,classifier.6,0.13660019636154175
100,Debra_Yang_0001.jpg,Yekaterina_Guseva_0001.jpg,0,classifier.6,0.19595372676849365
101,Dick_Posthumus_0001.jpg,Jim_Wong_0001.jpg,0,classifier.6,0.12676382064819336
102,Dionne_Warwick_0001.jpg,Janine_Pietsch_0001.jpg,0,classifier.6,0.14713120460510254
103,Donna_Walker_0001.jpg,Jacqueline_Marris_0001.jpg,0,classifier.6,0.19425809383392334
104,Doris_Schroeder_0001.jpg,Doris_Schroeder_0003.jpg,1,classifier.6,0.11000609397888184
105,Edward_Lu_0001.jpg,Robert_Zoellick_0007.jpg,0,classifier.6,0.10575449466705322
106,Edward_Norton_0001.jpg,Edward_Norton_0002.jpg,1,classifier.6,0.04610711336135864
107,Eileen_Coparropa_0002.jpg,Eileen_Coparropa_0003.jpg,1,classifier.6,0.09711021184921265
108,Elin_Nordegren_0001.jpg,Samantha_Daniels_0001.jpg,0,classifier.6,0.22708487510681152
109,Elisha_Cuthbert_0001.jpg,Mariana_Pollack_0002.jpg,0,classifier.6,0.07306766510009766
110,Elizabeth_Hurley_0001.jpg,Elizabeth_Hurley_0004.jpg,1,classifier.6,0.10229068994522095
111,Elizabeth_Shue_0002.jpg,Princess_Hisako_0001.jpg,0,classifier.6,0.20477867126464844
112,Elizabeth_Taylor_0001.jpg,Olympia_Dukakis_0001.jpg,0,classifier.6,0.397956907749176
113,Ellen_DeGeneres_0001.jpg,Ellen_DeGeneres_0002.jpg,1,classifier.6,0.12143063545227051
114,Elva_Hsiao_0001.jpg,Samantha_Daniels_0001.jpg,0,classifier.6,0.1769046187400818
115,Eminem_0001.jpg,Wolfgang_Clement_0001.jpg,0,classifier.6,0.21710067987442017
116,Enola_Rice_0001.jpg,Lana_Clarkson_0002.jpg,0,classifier.6,0.1895623803138733
117,Eric_Rosser_0001.jpg,Marc-Andre_Fleury_0002.jpg,0,classifier.6,0.16376274824142456
118,Eriko_Tamura_0001.jpg,Georgia_Giddings_0001.jpg,0,classifier.6,0.1231691837310791
119,Erin_Runnion_0002.jpg,Erin_Runnion_0003.jpg,1,classifier.6,0.1525619626045227
120,Eva_Amurri_0001.jpg,Tanya_Lindenmuth_0001.jpg,0,classifier.6,0.10825645923614502
121,Fayssal_Mekdad_0001.jpg,Fayssal_Mekdad_0004.jpg,1,classifier.6,0.1729031801223755
122,Fernando_Leon_de_Aranoa_0001.jpg,John_Scarlett_0001.jpg,0,classifier.6,0.12210977077484131
123,Fernando_Vargas_0003.jpg,Martin_Verkerk_0003.jpg,0,classifier.6,0.1918191909790039
124,Fred_Thompson_0001.jpg,Fred_Thompson_0003.jpg,1,classifier.6,0.0429568886756897
125,Geoff_Hoon_0005.jpg,Thomas_Stewart_0001.jpg,0,classifier.6,0.15934109687805176
126,George_Robertson_0005.jpg,Robbie_Mc_Ewen_0001.jpg,0,classifier.6,0.151089608669281
127,George_Voinovich_0002.jpg,George_Voinovich_0003.jpg,1,classifier.6,0.11794710159301758
128,Georgi_Parvanov_0001.jpg,Luis_Fonsi_0001.jpg,0,classifier.6,0.18075692653656006
129,Georgina_Papin_0001.jpg,Mary_Lou_Retton_0001.jpg,0,classifier.6,0.12552523612976074
130,Gian_Marco_0002.jpg,Gian_Marco_0003.jpg,1,classifier.6,0.14050769805908203
131,Gina_Gershon_0001.jpg,Patricia_Garone_0001.jpg,0,classifier.6,0.12335479259490967
132,Gregg_Popovich_0003.jpg,Gregg_Popovich_0004.jpg,1,classifier.6,0.09981775283813477
133,Gregorio_Rosal_0001.jpg,Richard_Greenberg_0001.jpg,0,classifier.6,0.09813463687896729
134,Guennadi_Chipouline_0001.jpg,Tom_Koenigs_0001.jpg,0,classifier.6,0.21692705154418945
135,Guillaume_Depardieu_0001.jpg,Manuel_Llorente_0001.jpg,0,classifier.6,0.13121765851974487
136,Gunilla_Backman_0001.jpg,Kathleen_Abernathy_0001.jpg,0,classifier.6,0.24064403772354126
137,Gunter_Pleuger_0003.jpg,Vaclav_Klaus_0001.jpg,0,classifier.6,0.094612717628479
138,Hans_Blix_0009.jpg,Hans_Blix_0012.jpg,1,classifier.6,0.24900686740875244
139,Hans_Eichel_0001.jpg,Jimmy_Iovine_0001.jpg,0,classifier.6,0.19160062074661255
140,Harald_Ringstorff_0001.jpg,Pat_Riley_0001.jpg,0,classifier.6,0.06987917423248291
141,Heidi_Fleiss_0001.jpg,Heidi_Fleiss_0003.jpg,1,classifier.6,0.04143333435058594
142,Horacio_Julio_Pina_0001.jpg,Zaini_Abdullah_0001.jpg,0,classifier.6,0.11269474029541016
143,Ian_Thorpe_0005.jpg,Ian_Thorpe_0007.jpg,1,classifier.6,0.19874554872512817
144,Iran_Brown_0001.jpg,Margaret_Caruso_0001.jpg,0,classifier.6,0.22088974714279175
145,Isabelle_Huppert_0001.jpg,Isabelle_Huppert_0002.jpg,1,classifier.6,0.11055231094360352
146,Jada_Pinkett_Smith_0002.jpg,Jenny_Romero_0001.jpg,0,classifier.6,0.09731101989746094
147,James_Caan_0002.jpg,Paul_Sarbanes_0002.jpg,0,classifier.6,0.08051228523254395
148,James_Smith_0001.jpg,James_Smith_0002.jpg,1,classifier.6,0.1585959792137146
149,Jamie_Kellner_0001.jpg,Tomas_Malik_0001.jpg,0,classifier.6,0.2668207883834839
150,Jane_Kaczmarek_0001.jpg,Jane_Kaczmarek_0002.jpg,1,classifier.6,0.05429267883300781
151,Janela_Jara_0001.jpg,Kirsten_Clark_0001.jpg,0,classifier.6,0.4708852767944336
152,Jason_Statham_0001.jpg,Kwame_Kilpatrick_0001.jpg,0,classifier.6,0.19914716482162476
153,Jean-Marc_Olive_0001.jpg,John_Timoney_0001.jpg,0,classifier.6,0.08650404214859009
154,Jeff_Van_Gundy_0001.jpg,Jeff_Van_Gundy_0002.jpg,1,classifier.6,0.10257041454315186
155,Jen_Bice_0001.jpg,Judi_Dench_0002.jpg,0,classifier.6,0.13523411750793457
156,Jennifer_Capriati_0007.jpg,Jennifer_Capriati_0032.jpg,1,classifier.6,0.12354433536529541
157,Jennifer_Garner_0007.jpg,Jennifer_Garner_0012.jpg,1,classifier.6,0.0824272632598877
158,Jennifer_Granholm_0001.jpg,Trudi_Lacey_0001.jpg,0,classifier.6,0.10149025917053223
159,Jennifer_Lopez_0003.jpg,Jennifer_Lopez_0010.jpg,1,classifier.6,0.055597662925720215
160,Jennifer_Pena_0001.jpg,Sonia_Lopez_0001.jpg,0,classifier.6,0.07929337024688721
161,Jennifer_Reilly_0001.jpg,Jennifer_Reilly_0002.jpg,1,classifier.6,0.020976126194000244
162,Jennifer_Thompson_0001.jpg,Jennifer_Thompson_0002.jpg,1,classifier.6,0.0675700306892395
163,Jeong_Se-hyun_0007.jpg,Jeong_Se-hyun_0009.jpg,1,classifier.6,0.23343825340270996
164,Jerry_Falwell_0001.jpg,Jerry_Falwell_0002.jpg,1,classifier.6,0.08545851707458496
165,Jessica_Capshaw_0001.jpg,Penelope_Cruz_0002.jpg,0,classifier.6,0.1041266918182373
166,Jiang_Zemin_0015.jpg,Jiang_Zemin_0018.jpg,1,classifier.6,0.10711413621902466
167,Joe_Torre_0001.jpg,Joe_Torre_0003.jpg,1,classifier.6,0.1927553415298462
168,John_Abizaid_0001.jpg,John_Abizaid_0002.jpg,1,classifier.6,0.17554008960723877
169,John_Bolton_0014.jpg,Kim_Yun-kyu_0001.jpg,0,classifier.6,0.2261812686920166
170,John_Dallager_0001.jpg,Jose_Canseco_Sr_0001.jpg,0,classifier.6,0.1666269302368164
171,John_Robbins_0001.jpg,Tom_Foy_0001.jpg,0,classifier.6,0.1640913486480713
172,Jorge_Alberto_Galindo_0001.jpg,Roger_King_0001.jpg,0,classifier.6,0.13127493858337402
173,Jose_Canseco_0001.jpg,Jose_Canseco_0003.jpg,1,classifier.6,0.24035847187042236
174,Juan_Carlos_Ferrero_0009.jpg,Juan_Carlos_Ferrero_0017.jpg,1,classifier.6,0.08003973960876465
175,Juan_Fernandez_0001.jpg,Paul_Krueger_0001.jpg,0,classifier.6,0.0938882827758789
176,Juan_Manuel_Marquez_0001.jpg,Juan_Manuel_Marquez_0002.jpg,1,classifier.6,0.06790363788604736
177,Julia_Tymoshenko_0001.jpg,Julia_Tymoshenko_0003.jpg,1,classifier.6,0.12063348293304443
178,Julio_Iglesias_Jr_0001.jpg,Ramon_Ponce_de_Leon_0001.jpg,0,classifier.6,0.16150140762329102
179,Justin_Timberlake_0001.jpg,Justin_Timberlake_0002.jpg,1,classifier.6,0.1589248776435852
180,Justine_Pasek_0006.jpg,Justine_Pasek_0007.jpg,1,classifier.6,0.0844259262084961
181,Kate_Burton_0001.jpg,Martha_Stewart_0002.jpg,0,classifier.6,0.09944283962249756
182,Kate_Winslet_0001.jpg,Kate_Winslet_0002.jpg,1,classifier.6,0.07772171497344971
183,Katherine_Harris_0001.jpg,Katherine_Harris_0002.jpg,1,classifier.6,0.06364214420318604
184,Kathleen_Glynn_0001.jpg,Kathleen_Glynn_0002.jpg,1,classifier.6,0.0744246244430542
185,Kathryn_Morris_0001.jpg,Minnie_Driver_0002.jpg,0,classifier.6,0.13226103782653809
186,Keanu_Reeves_0006.jpg,Keanu_Reeves_0009.jpg,1,classifier.6,0.2174057960510254
187,Keanu_Reeves_0006.jpg,Keanu_Reeves_0010.jpg,1,classifier.6,0.22407662868499756
188,Keiko_Sofia_Fujimori_0001.jpg,Sureyya_Ayhan_0001.jpg,0,classifier.6,0.1823456883430481
189,Kim_Weeks_0001.jpg,Marie-Josee_Croze_0001.jpg,0,classifier.6,0.053566813468933105
190,Kimora_Lee_0001.jpg,Robin_Johansen_0001.jpg,0,classifier.6,0.15251582860946655
191,Krishna_Bhadur_Mahara_0001.jpg,Peter_Holmberg_0001.jpg,0,classifier.6,0.24555253982543945
192,Kristen_Breitweiser_0001.jpg,Tatiana_Shchegoleva_0001.jpg,0,classifier.6,0.22710025310516357
193,Kristen_Breitweiser_0002.jpg,Kristen_Breitweiser_0003.jpg,1,classifier.6,0.13022714853286743
194,Kwon_Yang-sook_0001.jpg,Kwon_Yang-sook_0003.jpg,1,classifier.6,0.056650400161743164
195,Larry_Coker_0002.jpg,Larry_Coker_0004.jpg,1,classifier.6,0.1395641565322876
196,Larry_Harris_0001.jpg,Michael_Lechner_0001.jpg,0,classifier.6,0.240181565284729
197,Larry_Ralston_0001.jpg,William_Donaldson_0006.jpg,0,classifier.6,0.12159037590026855
198,Laura_Gobai_0001.jpg,Robin_Wagner_0001.jpg,0,classifier.6,0.18626582622528076
199,Laura_Linney_0001.jpg,Laura_Linney_0003.jpg,1,classifier.6,0.06194591522216797
200,Laura_Linney_0003.jpg,Laura_Linney_0004.jpg,1,classifier.6,0.0571519136428833
201,Laurel_Clark_0001.jpg,Priscilla_Presley_0001.jpg,0,classifier.6,0.308019757270813
202,Laurie_Laychak_0001.jpg,Pa_Kou_Hang_0001.jpg,0,classifier.6,0.10064536333084106
203,Lenny_Wilkens_0001.jpg,Lenny_Wilkens_0002.jpg,1,classifier.6,0.18470650911331177
204,Leon_Barmore_0001.jpg,Yusaku_Miyazato_0001.jpg,0,classifier.6,0.09744775295257568
205,Leonardo_Del_Vecchio_0001.jpg,Tatiana_Shchegoleva_0001.jpg,0,classifier.6,0.08960962295532227
206,Li_Peng_0004.jpg,Li_Peng_0007.jpg,1,classifier.6,0.10520142316818237
207,Linda_Franklin_0001.jpg,Melissa_Joan_Hart_0001.jpg,0,classifier.6,0.12541884183883667
208,Lindsay_Benko_0002.jpg,Mireya_Elisa_Moscoso_Rodriguez_0001.jpg,0,classifier.6,0.15875887870788574
209,Liza_Minnelli_0005.jpg,Liza_Minnelli_0006.jpg,1,classifier.6,0.10769176483154297
210,Lucio_Gutierrez_0006.jpg,Lucio_Gutierrez_0007.jpg,1,classifier.6,0.10828745365142822
211,Lynne_Thigpen_0001.jpg,Mary_Blige_0001.jpg,0,classifier.6,0.18446320295333862
212,Magui_Serna_0001.jpg,Magui_Serna_0002.jpg,1,classifier.6,0.17871487140655518
213,Marcelo_Ebrard_0001.jpg,Marcelo_Ebrard_0003.jpg,1,classifier.6,0.12792223691940308
214,Marina_Anissina_0001.jpg,Marina_Anissina_0002.jpg,1,classifier.6,0.042594730854034424
215,Marisa_Tomei_0001.jpg,Marisa_Tomei_0002.jpg,1,classifier.6,0.038840293884277344
216,Mark_Kelly_0001.jpg,Mark_Lazarus_0001.jpg,0,classifier.6,0.09613174200057983
217,Mary_Tyler_Moore_0001.jpg,Mary_Tyler_Moore_0002.jpg,1,classifier.6,0.0730891227722168
218,Mary-Kate_Olsen_0001.jpg,Mary-Kate_Olsen_0002.jpg,1,classifier.6,0.10226869583129883
219,Mathias_Reichhold_0001.jpg,Mathias_Reichhold_0002.jpg,1,classifier.6,0.11708533763885498
220,Max_Mosley_0001.jpg,Raul_Gonzalez_0001.jpg,0,classifier.6,0.11819708347320557
221,Mel_Brooks_0001.jpg,Mel_Brooks_0002.jpg,1,classifier.6,0.6745622754096985
222,Melanie_Griffith_0001.jpg,Melanie_Griffith_0003.jpg,1,classifier.6,0.11215764284133911
223,Melissa_Mulloy_0001.jpg,Paula_Abdul_0001.jpg,0,classifier.6,0.07131296396255493
224,Michael_Bloomberg_0015.jpg,Ozzy_Osbourne_0002.jpg,0,classifier.6,0.14718961715698242
225,Michael_Capellas_0001.jpg,Michael_Capellas_0002.jpg,1,classifier.6,0.06971031427383423
226,Michael_Chang_0001.jpg,Michael_Chang_0003.jpg,1,classifier.6,0.10098302364349365
227,Michael_Kahn_0001.jpg,Rick_Caruso_0001.jpg,0,classifier.6,0.14747929573059082
228,Michael_Moore_0002.jpg,Michael_Moore_0003.jpg,1,classifier.6,0.08350968360900879
229,Michael_Pfleger_0001.jpg,Robert_Ehrlich_0002.jpg,0,classifier.6,0.05415987968444824
230,Michelle_Rodriguez_0001.jpg,Michelle_Rodriguez_0002.jpg,1,classifier.6,0.06072103977203369
231,Mikhail_Kasyanov_0003.jpg,Mikhail_Kasyanov_0004.jpg,1,classifier.6,0.027668356895446777
232,Mikhail_Wehbe_0001.jpg,Mikhail_Wehbe_0003.jpg,1,classifier.6,0.10497713088989258
233,Milan_Kucan_0001.jpg,Salman_Khan_0001.jpg,0,classifier.6,0.14074981212615967
234,Milt_Heflin_0001.jpg,Pier_Ferdinando_Casini_0001.jpg,0,classifier.6,0.04373359680175781
235,Mireya_Moscoso_0004.jpg,San_Lan_0001.jpg,0,classifier.6,0.1215510368347168
236,Monica_Seles_0002.jpg,Queen_Beatrix_0004.jpg,0,classifier.6,0.13060617446899414
237,Muhammad_Ali_0001.jpg,Muhammad_Ali_0003.jpg,1,classifier.6,0.11280149221420288
238,Nadia_Petrova_0002.jpg,Nadia_Petrova_0003.jpg,1,classifier.6,0.10909837484359741
239,Nastia_Liukin_0001.jpg,Nicole_Parker_0001.jpg,0,classifier.6,0.35955071449279785
240,Natalie_Cole_0002.jpg,Natalie_Cole_0003.jpg,1,classifier.6,0.10949254035949707
241,Nelson_Mandela_0001.jpg,Nelson_Mandela_0003.jpg,1,classifier.6,0.10746628046035767
242,Nelson_Shanks_0001.jpg,Pedro_Martinez_0001.jpg,0,classifier.6,0.08566892147064209
243,Nelson_Shanks_0001.jpg,Ren_Qingjin_0001.jpg,0,classifier.6,0.12326008081436157
244,Nia_Vardalos_0001.jpg,Nia_Vardalos_0003.jpg,1,classifier.6,0.13027095794677734
245,Nicole_Kidman_0003.jpg,Nicole_Kidman_0011.jpg,1,classifier.6,0.14370465278625488
246,Norah_Jones_0003.jpg,Norah_Jones_0015.jpg,1,classifier.6,0.20931613445281982
247,Norah_Jones_0011.jpg,Norah_Jones_0012.jpg,1,classifier.6,0.11078333854675293
248,Oprah_Winfrey_0002.jpg,Oprah_Winfrey_0003.jpg,1,classifier.6,0.29615676403045654
249,Oswaldo_Paya_0001.jpg,Oswaldo_Paya_0003.jpg,1,classifier.6,0.14077895879745483
250,Pamela_Anderson_0001.jpg,Pamela_Anderson_0002.jpg,1,classifier.6,0.08689999580383301
251,Patty_Schnyder_0001.jpg,Patty_Schnyder_0002.jpg,1,classifier.6,0.15129196643829346
252,Patty_Schnyder_0003.jpg,Pernilla_Bjorn_0001.jpg,0,classifier.6,0.14049267768859863
253,Paul_Sarbanes_0002.jpg,Paul_Sarbanes_0003.jpg,1,classifier.6,0.1133805513381958
254,Paula_Zahn_0001.jpg,Tamara_Mowry_0001.jpg,0,classifier.6,0.12194252014160156
255,Pedro_Malan_0001.jpg,Pedro_Malan_0005.jpg,1,classifier.6,0.09439688920974731
256,Pete_Sampras_0010.jpg,Pete_Sampras_0013.jpg,1,classifier.6,0.20016705989837646
257,Phil_Mickelson_0001.jpg,Phil_Mickelson_0002.jpg,1,classifier.6,0.09095370769500732
258,Prince_Harry_0002.jpg,Prince_Harry_0003.jpg,1,classifier.6,0.10607254505157471
259,Queen_Latifah_0001.jpg,Queen_Latifah_0003.jpg,1,classifier.6,0.11007994413375854
260,Raaf_Schefter_0001.jpg,Rick_Dinse_0002.jpg,0,classifier.6,0.09442883729934692
261,Rebecca_Romijn-Stamos_0003.jpg,Rebecca_Romijn-Stamos_0004.jpg,1,classifier.6,0.0881810188293457
262,Reese_Witherspoon_0002.jpg,Toni_Jennings_0001.jpg,0,classifier.6,0.19658857583999634
263,Rich_Gannon_0001.jpg,Rich_Gannon_0002.jpg,1,classifier.6,0.16337430477142334
264,Rita_Grande_0001.jpg,Rita_Grande_0002.jpg,1,classifier.6,0.17661380767822266
265,Robert_Blake_0001.jpg,Robert_Blake_0003.jpg,1,classifier.6,0.17510920763015747
266,Robert_De_Niro_0001.jpg,Robert_De_Niro_0004.jpg,1,classifier.6,0.286521852016449
267,Robert_Downey_Jr_0001.jpg,Tommy_Shane_Steiner_0001.jpg,0,classifier.6,0.14472734928131104
268,Robert_Kocharian_0004.jpg,Robert_Kocharian_0005.jpg,1,classifier.6,0.1135021448135376
269,Robert_Wagner_0001.jpg,Tommy_Franks_0011.jpg,0,classifier.6,0.07820349931716919
270,Robin_Wright_Penn_0001.jpg,Yoko_Ono_0006.jpg,0,classifier.6,0.19591569900512695
271,Rodolfo_Abalos_0001.jpg,Thierry_Falise_0003.jpg,0,classifier.6,0.16854888200759888
272,Rudolph_Giuliani_0004.jpg,Rudolph_Giuliani_0017.jpg,1,classifier.6,0.1282104253768921
273,Sandra_Bullock_0003.jpg,Sandra_Bullock_0002.jpg,1,classifier.6,0.12640225887298584
274,Sarah_Hughes_0001.jpg,Sarah_Hughes_0006.jpg,1,classifier.6,0.29356878995895386
275,Sarah_Hughes_0003.jpg,Sarah_Hughes_0005.jpg,1,classifier.6,0.0915529727935791
276,Sarah_Jessica_Parker_0002.jpg,Sarah_Jessica_Parker_0004.jpg,1,classifier.6,0.14941930770874023
277,Sarah_Michelle_Gellar_0001.jpg,Sarah_Michelle_Gellar_0003.jpg,1,classifier.6,0.08487367630004883
278,Scott_Hoch_0001.jpg,Thomas_Stewart_0001.jpg,0,classifier.6,0.19831478595733643
279,Scott_Ritter_0001.jpg,Scott_Ritter_0002.jpg,1,classifier.6,0.06399965286254883
280,Se_Hyuk_Joo_0001.jpg,Tom_Rouen_0001.jpg,0,classifier.6,0.16167879104614258
281,Sean_Penn_0002.jpg,Sean_Penn_0003.jpg,1,classifier.6,0.21351033449172974
282,Sharon_Stone_0002.jpg,Sharon_Stone_0004.jpg,1,classifier.6,0.08180832862854004
283,Sheila_Copps_0002.jpg,Sheila_Copps_0003.jpg,1,classifier.6,0.07677203416824341
284,Slobodan_Milosevic_0003.jpg,Slobodan_Milosevic_0004.jpg,1,classifier.6,0.0829780101776123
285,Steve_Ballmer_0001.jpg,Steve_Ballmer_0003.jpg,1,classifier.6,0.09641432762145996
286,Terry_McAuliffe_0001.jpg,Terry_McAuliffe_0003.jpg,1,classifier.6,0.12492513656616211
287,Thaksin_Shinawatra_0005.jpg,Thaksin_Shinawatra_0006.jpg,1,classifier.6,0.06289982795715332
288,Tiger_Woods_0002.jpg,Tiger_Woods_0006.jpg,1,classifier.6,0.34360504150390625
289,Tiger_Woods_0006.jpg,Tiger_Woods_0018.jpg,1,classifier.6,0.3412253260612488
290,Tom_Watson_0002.jpg,Tom_Watson_0003.jpg,1,classifier.6,0.06899964809417725
291,Tony_Curtis_0001.jpg,Tony_Curtis_0002.jpg,1,classifier.6,0.1107444167137146
292,Vanessa_Williams_0001.jpg,Vanessa_Williams_0002.jpg,1,classifier.6,0.13589131832122803
293,Venus_Williams_0002.jpg,Venus_Williams_0009.jpg,1,classifier.6,0.13833236694335938
294,Victoria_Beckham_0001.jpg,Victoria_Beckham_0003.jpg,1,classifier.6,0.14654332399368286
295,Victoria_Clarke_0001.jpg,Victoria_Clarke_0005.jpg,1,classifier.6,0.09056693315505981
296,Vladimir_Spidla_0002.jpg,Vladimir_Spidla_0003.jpg,1,classifier.6,0.07540953159332275
297,Vojislav_Kostunica_0005.jpg,Vojislav_Kostunica_0007.jpg,1,classifier.6,0.11492598056793213
298,Wang_Yi_0001.jpg,Wang_Yi_0002.jpg,1,classifier.6,0.16055577993392944
299,Wen_Jiabao_0005.jpg,Wen_Jiabao_0006.jpg,1,classifier.6,0.23193955421447754
300,Yashwant_Sinha_0001.jpg,Yashwant_Sinha_0003.jpg,1,classifier.6,0.22638285160064697
