Unnamed: 0,img1,img2,same,layer_name,model_computed_distance
1,Aaron_Guiel_0001.jpg.flipped.jpg,Pascal_Rheaume_0001.jpg.flipped.jpg,0,classifier.6,0.29883939027786255
2,Ahmed_Qureia_0001.jpg.flipped.jpg,Stanley_McChrystal_0003.jpg.flipped.jpg,0,classifier.6,0.33027851581573486
3,Ai_Sugiyama_0004.jpg.flipped.jpg,Ai_Sugiyama_0005.jpg.flipped.jpg,1,classifier.6,0.2733985185623169
4,Aishwarya_Rai_0001.jpg.flipped.jpg,Dinah_Turner_0001.jpg.flipped.jpg,0,classifier.6,0.17571759223937988
5,Al_Pacino_0001.jpg.flipped.jpg,Al_Pacino_0002.jpg.flipped.jpg,1,classifier.6,0.26999175548553467
6,Al_Sharpton_0002.jpg.flipped.jpg,Al_Sharpton_0004.jpg.flipped.jpg,1,classifier.6,0.12098491191864014
7,Alan_Ball_0001.jpg.flipped.jpg,Alan_Ball_0002.jpg.flipped.jpg,1,classifier.6,0.09139156341552734
8,Alastair_Campbell_0002.jpg.flipped.jpg,Alastair_Campbell_0004.jpg.flipped.jpg,1,classifier.6,0.15068984031677246
9,Alisha_Richman_0001.jpg.flipped.jpg,Katerina_Smrzova_0001.jpg.flipped.jpg,0,classifier.6,0.14077270030975342
10,Allan_Houston_0001.jpg.flipped.jpg,Andy_Garcia_0001.jpg.flipped.jpg,0,classifier.6,0.10308444499969482
11,Ally_Sheedy_0001.jpg.flipped.jpg,Myung_Yang_0001.jpg.flipped.jpg,0,classifier.6,0.18930089473724365
12,Alvaro_Silva_Calderon_0001.jpg.flipped.jpg,Alvaro_Silva_Calderon_0002.jpg.flipped.jpg,1,classifier.6,0.16677671670913696
13,Amanda_Bynes_0002.jpg.flipped.jpg,Amanda_Bynes_0003.jpg.flipped.jpg,1,classifier.6,0.28487032651901245
14,Amanda_Coetzer_0001.jpg.flipped.jpg,Amanda_Coetzer_0002.jpg.flipped.jpg,1,classifier.6,0.1714211106300354
15,Amelia_Vega_0001.jpg.flipped.jpg,Gina_Lollobrigida_0001.jpg.flipped.jpg,0,classifier.6,0.34214359521865845
16,Amelie_Mauresmo_0011.jpg.flipped.jpg,Amelie_Mauresmo_0017.jpg.flipped.jpg,1,classifier.6,0.3040390610694885
17,Andrea_Bocelli_0001.jpg.flipped.jpg,Natalya_Sazanovich_0001.jpg.flipped.jpg,0,classifier.6,0.19518935680389404
18,Andrea_Kiser_0001.jpg.flipped.jpg,Ellen_Barkin_0001.jpg.flipped.jpg,0,classifier.6,0.12844818830490112
19,Andy_Warhol_0001.jpg.flipped.jpg,Paul-Henri_Mathieu_0002.jpg.flipped.jpg,0,classifier.6,0.22977614402770996
20,Angela_Merkel_0003.jpg.flipped.jpg,Anna_Jones_0001.jpg.flipped.jpg,0,classifier.6,0.30632662773132324
21,Anita_DeFrantz_0001.jpg.flipped.jpg,Carla_Gay_Balingit_0001.jpg.flipped.jpg,0,classifier.6,0.21345943212509155
22,Anja_Paerson_0001.jpg.flipped.jpg,Ruth_Pearce_0001.jpg.flipped.jpg,0,classifier.6,0.4516347646713257
23,Anne_Heche_0001.jpg.flipped.jpg,Sasha_Alexander_0001.jpg.flipped.jpg,0,classifier.6,0.24835985898971558
24,Anne_ONeil_0001.jpg.flipped.jpg,Sophie_0001.jpg.flipped.jpg,0,classifier.6,0.3322436809539795
25,Anthony_Corso_0001.jpg.flipped.jpg,Ray_Allen_0003.jpg.flipped.jpg,0,classifier.6,0.2783735394477844
26,Anthony_Hopkins_0002.jpg.flipped.jpg,Orlando_Bloom_0001.jpg.flipped.jpg,0,classifier.6,0.3397824764251709
27,Antonio_Palocci_0005.jpg.flipped.jpg,Jose_Woldenberg_0001.jpg.flipped.jpg,0,classifier.6,0.1606748104095459
28,Arnoldo_Aleman_0003.jpg.flipped.jpg,Arnoldo_Aleman_0005.jpg.flipped.jpg,1,classifier.6,0.1275702714920044
29,Arye_Mekel_0001.jpg.flipped.jpg,Arye_Mekel_0002.jpg.flipped.jpg,1,classifier.6,0.25029897689819336
30,Ascencion_Barajas_0001.jpg.flipped.jpg,Chris_Hernandez_0001.jpg.flipped.jpg,0,classifier.6,0.29832398891448975
31,Ashley_Judd_0001.jpg.flipped.jpg,Joan_Jett_0001.jpg.flipped.jpg,0,classifier.6,0.2904300093650818
32,Ashley_Postell_0001.jpg.flipped.jpg,Casy_Preslar_0001.jpg.flipped.jpg,0,classifier.6,0.24438923597335815
33,Azmi_Bishara_0001.jpg.flipped.jpg,Sammy_Sosa_0002.jpg.flipped.jpg,0,classifier.6,0.5754082798957825
34,Barbara_Brezigar_0002.jpg.flipped.jpg,Doris_Roberts_0002.jpg.flipped.jpg,0,classifier.6,0.2890808582305908
35,Barbara_Felt-Miller_0001.jpg.flipped.jpg,Leticia_Dolera_0001.jpg.flipped.jpg,0,classifier.6,0.15519320964813232
36,Barbara_Walters_0001.jpg.flipped.jpg,Barbara_Walters_0003.jpg.flipped.jpg,1,classifier.6,0.11859863996505737
37,Barbara_Walters_0001.jpg.flipped.jpg,Barbara_Walters_0004.jpg.flipped.jpg,1,classifier.6,0.170820951461792
38,Barry_Alvarez_0001.jpg.flipped.jpg,John_Jones_0001.jpg.flipped.jpg,0,classifier.6,0.18367451429367065
39,Benazir_Bhutto_0002.jpg.flipped.jpg,Benazir_Bhutto_0004.jpg.flipped.jpg,1,classifier.6,0.27426254749298096
40,Bernard_Landry_0003.jpg.flipped.jpg,Stacey_Jones_0001.jpg.flipped.jpg,0,classifier.6,0.1774483323097229
41,Bill_Nelson_0001.jpg.flipped.jpg,Kim_Jong-Il_0003.jpg.flipped.jpg,0,classifier.6,0.11989778280258179
42,Bill_Simon_0011.jpg.flipped.jpg,Bill_Simon_0015.jpg.flipped.jpg,1,classifier.6,0.22983521223068237
43,Bixente_LIzarazu_0001.jpg.flipped.jpg,Chris_Bell_0002.jpg.flipped.jpg,0,classifier.6,0.300334095954895
44,Bixente_LIzarazu_0001.jpg.flipped.jpg,Todd_Wike_0001.jpg.flipped.jpg,0,classifier.6,0.3202286958694458
45,BJ_Habibie_0001.jpg.flipped.jpg,Craig_MacTavish_0001.jpg.flipped.jpg,0,classifier.6,0.1774585247039795
46,Bob_Graham_0002.jpg.flipped.jpg,Dwayne_Wade_0001.jpg.flipped.jpg,0,classifier.6,0.22854506969451904
47,Brad_Wilk_0001.jpg.flipped.jpg,Phil_Cline_0001.jpg.flipped.jpg,0,classifier.6,0.44495487213134766
48,Brandon_Inge_0001.jpg.flipped.jpg,Eric_Lloyd_0001.jpg.flipped.jpg,0,classifier.6,0.16129839420318604
49,Brandon_Webb_0001.jpg.flipped.jpg,Ryan_Leaf_0001.jpg.flipped.jpg,0,classifier.6,0.20385217666625977
50,Brian_Billick_0001.jpg.flipped.jpg,John_Wayne_0001.jpg.flipped.jpg,0,classifier.6,0.21979790925979614
51,Brian_StPierre_0001.jpg.flipped.jpg,Steve_Mariucci_0002.jpg.flipped.jpg,0,classifier.6,0.2881787419319153
52,Brooke_Adams_0001.jpg.flipped.jpg,Paula_Prentiss_0001.jpg.flipped.jpg,0,classifier.6,0.3387497663497925
53,Bud_Selig_0002.jpg.flipped.jpg,Bud_Selig_0003.jpg.flipped.jpg,1,classifier.6,0.11885178089141846
54,Cameron_Diaz_0005.jpg.flipped.jpg,Nadia_Petrova_0002.jpg.flipped.jpg,0,classifier.6,0.30241119861602783
55,Carla_Del_Ponte_0001.jpg.flipped.jpg,Carla_Del_Ponte_0002.jpg.flipped.jpg,1,classifier.6,0.09432590007781982
56,Carla_Gugino_0001.jpg.flipped.jpg,Kelly_Leigh_0001.jpg.flipped.jpg,0,classifier.6,0.2746656537055969
57,Carla_Moreno_0001.jpg.flipped.jpg,Suzanne_Torrance_0001.jpg.flipped.jpg,0,classifier.6,0.25829553604125977
58,Carlos_Ghosn_0002.jpg.flipped.jpg,Ray_Allen_0003.jpg.flipped.jpg,0,classifier.6,0.2666718363761902
59,Carly_Fiorina_0001.jpg.flipped.jpg,Carly_Fiorina_0002.jpg.flipped.jpg,1,classifier.6,0.1848788857460022
60,Carolina_Barco_0001.jpg.flipped.jpg,Lindsay_Davenport_0022.jpg.flipped.jpg,0,classifier.6,0.6483575105667114
61,Carolina_Kluft_0001.jpg.flipped.jpg,Carolina_Kluft_0002.jpg.flipped.jpg,1,classifier.6,0.19004660844802856
62,Carolyn_Dawn_Johnson_0002.jpg.flipped.jpg,Carolyn_Dawn_Johnson_0003.jpg.flipped.jpg,1,classifier.6,0.07067728042602539
63,Carolyn_Dawn_Johnson_0003.jpg.flipped.jpg,Lydia_Shum_0001.jpg.flipped.jpg,0,classifier.6,0.33827513456344604
64,Casey_Crowder_0001.jpg.flipped.jpg,Phoenix_Chang_0001.jpg.flipped.jpg,0,classifier.6,0.20175868272781372
65,Catherine_Ndereba_0001.jpg.flipped.jpg,Janet_Napolitano_0004.jpg.flipped.jpg,0,classifier.6,0.15480846166610718
66,Celine_Dion_0003.jpg.flipped.jpg,Celine_Dion_0008.jpg.flipped.jpg,1,classifier.6,0.31740474700927734
67,Celine_Dion_0005.jpg.flipped.jpg,Linda_Baboolal_0001.jpg.flipped.jpg,0,classifier.6,0.33527863025665283
68,Cesar_Gaviria_0002.jpg.flipped.jpg,Cesar_Gaviria_0004.jpg.flipped.jpg,1,classifier.6,0.22631245851516724
69,Charla_Moye_0001.jpg.flipped.jpg,Patti_Balgojevich_0001.jpg.flipped.jpg,0,classifier.6,0.41597509384155273
70,Charles_Bronson_0002.jpg.flipped.jpg,Hu_Jintao_0004.jpg.flipped.jpg,0,classifier.6,0.2674020528793335
71,Charles_Mathews_0001.jpg.flipped.jpg,Will_Ferrell_0001.jpg.flipped.jpg,0,classifier.6,0.3168785572052002
72,Charles_Schumer_0002.jpg.flipped.jpg,Lionel_Chalmers_0001.jpg.flipped.jpg,0,classifier.6,0.19363880157470703
73,Charlotte_Rampling_0001.jpg.flipped.jpg,Lana_Clarkson_0002.jpg.flipped.jpg,0,classifier.6,0.2877703905105591
74,Cherie_Blair_0001.jpg.flipped.jpg,Cherie_Blair_0004.jpg.flipped.jpg,1,classifier.6,0.17989027500152588
75,Chris_Bell_0002.jpg.flipped.jpg,Pharrell_Williams_0001.jpg.flipped.jpg,0,classifier.6,0.3619558811187744
76,Christina_Aguilera_0001.jpg.flipped.jpg,Christina_Aguilera_0004.jpg.flipped.jpg,1,classifier.6,0.18091875314712524
77,Christine_Baumgartner_0001.jpg.flipped.jpg,Christine_Baumgartner_0002.jpg.flipped.jpg,1,classifier.6,0.12883210182189941
78,Christine_Gregoire_0001.jpg.flipped.jpg,Christine_Gregoire_0004.jpg.flipped.jpg,1,classifier.6,0.3275466561317444
79,Christine_Gregoire_0004.jpg.flipped.jpg,Wang_Hailan_0001.jpg.flipped.jpg,0,classifier.6,0.3938041925430298
80,Christine_Todd_Whitman_0002.jpg.flipped.jpg,Christine_Todd_Whitman_0003.jpg.flipped.jpg,1,classifier.6,0.2828536033630371
81,Claire_De_Gryse_0001.jpg.flipped.jpg,Deb_Santos_0001.jpg.flipped.jpg,0,classifier.6,0.2918853759765625
82,Claudia_Pechstein_0001.jpg.flipped.jpg,Claudia_Pechstein_0002.jpg.flipped.jpg,1,classifier.6,0.09199607372283936
83,Claudia_Pechstein_0002.jpg.flipped.jpg,Mireille_Jospin-Dandieu_0001.jpg.flipped.jpg,0,classifier.6,0.1815010905265808
84,Claudia_Pechstein_0004.jpg.flipped.jpg,Claudia_Pechstein_0005.jpg.flipped.jpg,1,classifier.6,0.18621522188186646
85,Claudia_Schiffer_0001.jpg.flipped.jpg,Claudia_Schiffer_0002.jpg.flipped.jpg,1,classifier.6,0.15588390827178955
86,Cole_Chapman_0001.jpg.flipped.jpg,Marisol_Martinez_Sambran_0001.jpg.flipped.jpg,0,classifier.6,0.24170327186584473
87,Colin_Jackson_0001.jpg.flipped.jpg,Colin_Jackson_0002.jpg.flipped.jpg,1,classifier.6,0.18359315395355225
88,Colleen_Atwood_0001.jpg.flipped.jpg,Penelope_Cruz_0002.jpg.flipped.jpg,0,classifier.6,0.14544785022735596
89,Condoleezza_Rice_0001.jpg.flipped.jpg,Condoleezza_Rice_0004.jpg.flipped.jpg,1,classifier.6,0.18235522508621216
90,Courtney_Love_0001.jpg.flipped.jpg,Jennifer_Aniston_0003.jpg.flipped.jpg,0,classifier.6,0.15446817874908447
91,Cristian_Barros_0001.jpg.flipped.jpg,Steve_Largent_0001.jpg.flipped.jpg,0,classifier.6,0.11938416957855225
92,Cristina_Kirchner_0001.jpg.flipped.jpg,Stefanie_De_Roux_0001.jpg.flipped.jpg,0,classifier.6,0.29024720191955566
93,Cruz_Bustamante_0001.jpg.flipped.jpg,Cruz_Bustamante_0004.jpg.flipped.jpg,1,classifier.6,0.17347240447998047
94,Curtis_Rodriguez_0001.jpg.flipped.jpg,John_Blaney_0002.jpg.flipped.jpg,0,classifier.6,0.15205180644989014
95,Daisy_Fuentes_0002.jpg.flipped.jpg,Daisy_Fuentes_0003.jpg.flipped.jpg,1,classifier.6,0.05931806564331055
96,Dan_LaCoutre_0001.jpg.flipped.jpg,Gustavo_Kuerten_0002.jpg.flipped.jpg,0,classifier.6,0.16087764501571655
97,Daniel_Radcliffe_0001.jpg.flipped.jpg,Daniel_Radcliffe_0004.jpg.flipped.jpg,1,classifier.6,0.1987510323524475
98,Danielle_Spencer_0001.jpg.flipped.jpg,Rachel_Wheatley_0001.jpg.flipped.jpg,0,classifier.6,0.2137814164161682
99,David_Beckham_0011.jpg.flipped.jpg,David_Beckham_0029.jpg.flipped.jpg,1,classifier.6,0.3602083921432495
100,Debra_Yang_0001.jpg.flipped.jpg,Yekaterina_Guseva_0001.jpg.flipped.jpg,0,classifier.6,0.2700544595718384
101,Dick_Posthumus_0001.jpg.flipped.jpg,Jim_Wong_0001.jpg.flipped.jpg,0,classifier.6,0.3231998682022095
102,Dionne_Warwick_0001.jpg.flipped.jpg,Janine_Pietsch_0001.jpg.flipped.jpg,0,classifier.6,0.09612143039703369
103,Donna_Walker_0001.jpg.flipped.jpg,Jacqueline_Marris_0001.jpg.flipped.jpg,0,classifier.6,0.23921918869018555
104,Doris_Schroeder_0001.jpg.flipped.jpg,Doris_Schroeder_0003.jpg.flipped.jpg,1,classifier.6,0.2678695321083069
105,Edward_Lu_0001.jpg.flipped.jpg,Robert_Zoellick_0007.jpg.flipped.jpg,0,classifier.6,0.2674955129623413
106,Edward_Norton_0001.jpg.flipped.jpg,Edward_Norton_0002.jpg.flipped.jpg,1,classifier.6,0.06590008735656738
107,Eileen_Coparropa_0002.jpg.flipped.jpg,Eileen_Coparropa_0003.jpg.flipped.jpg,1,classifier.6,0.19383788108825684
108,Elin_Nordegren_0001.jpg.flipped.jpg,Samantha_Daniels_0001.jpg.flipped.jpg,0,classifier.6,0.22883176803588867
109,Elisha_Cuthbert_0001.jpg.flipped.jpg,Mariana_Pollack_0002.jpg.flipped.jpg,0,classifier.6,0.14612126350402832
110,Elizabeth_Hurley_0001.jpg.flipped.jpg,Elizabeth_Hurley_0004.jpg.flipped.jpg,1,classifier.6,0.16001248359680176
111,Elizabeth_Shue_0002.jpg.flipped.jpg,Princess_Hisako_0001.jpg.flipped.jpg,0,classifier.6,0.3204233646392822
112,Elizabeth_Taylor_0001.jpg.flipped.jpg,Olympia_Dukakis_0001.jpg.flipped.jpg,0,classifier.6,0.35557007789611816
113,Ellen_DeGeneres_0001.jpg.flipped.jpg,Ellen_DeGeneres_0002.jpg.flipped.jpg,1,classifier.6,0.3210557699203491
114,Elva_Hsiao_0001.jpg.flipped.jpg,Samantha_Daniels_0001.jpg.flipped.jpg,0,classifier.6,0.222115159034729
115,Eminem_0001.jpg.flipped.jpg,Wolfgang_Clement_0001.jpg.flipped.jpg,0,classifier.6,0.20177245140075684
116,Enola_Rice_0001.jpg.flipped.jpg,Lana_Clarkson_0002.jpg.flipped.jpg,0,classifier.6,0.4035217761993408
117,Eric_Rosser_0001.jpg.flipped.jpg,Marc-Andre_Fleury_0002.jpg.flipped.jpg,0,classifier.6,0.30253875255584717
118,Eriko_Tamura_0001.jpg.flipped.jpg,Georgia_Giddings_0001.jpg.flipped.jpg,0,classifier.6,0.2902790307998657
119,Erin_Runnion_0002.jpg.flipped.jpg,Erin_Runnion_0003.jpg.flipped.jpg,1,classifier.6,0.12675821781158447
120,Eva_Amurri_0001.jpg.flipped.jpg,Tanya_Lindenmuth_0001.jpg.flipped.jpg,0,classifier.6,0.16574478149414062
121,Fayssal_Mekdad_0001.jpg.flipped.jpg,Fayssal_Mekdad_0004.jpg.flipped.jpg,1,classifier.6,0.1090514063835144
122,Fernando_Leon_de_Aranoa_0001.jpg.flipped.jpg,John_Scarlett_0001.jpg.flipped.jpg,0,classifier.6,0.1225396990776062
123,Fernando_Vargas_0003.jpg.flipped.jpg,Martin_Verkerk_0003.jpg.flipped.jpg,0,classifier.6,0.2721956968307495
124,Fred_Thompson_0001.jpg.flipped.jpg,Fred_Thompson_0003.jpg.flipped.jpg,1,classifier.6,0.11028623580932617
125,Geoff_Hoon_0005.jpg.flipped.jpg,Thomas_Stewart_0001.jpg.flipped.jpg,0,classifier.6,0.25519657135009766
126,George_Robertson_0005.jpg.flipped.jpg,Robbie_Mc_Ewen_0001.jpg.flipped.jpg,0,classifier.6,0.18158823251724243
127,George_Voinovich_0002.jpg.flipped.jpg,George_Voinovich_0003.jpg.flipped.jpg,1,classifier.6,0.17215120792388916
128,Georgi_Parvanov_0001.jpg.flipped.jpg,Luis_Fonsi_0001.jpg.flipped.jpg,0,classifier.6,0.48406982421875
129,Georgina_Papin_0001.jpg.flipped.jpg,Mary_Lou_Retton_0001.jpg.flipped.jpg,0,classifier.6,0.12319660186767578
130,Gian_Marco_0002.jpg.flipped.jpg,Gian_Marco_0003.jpg.flipped.jpg,1,classifier.6,0.16940534114837646
131,Gina_Gershon_0001.jpg.flipped.jpg,Patricia_Garone_0001.jpg.flipped.jpg,0,classifier.6,0.33759254217147827
132,Gregg_Popovich_0003.jpg.flipped.jpg,Gregg_Popovich_0004.jpg.flipped.jpg,1,classifier.6,0.0833665132522583
133,Gregorio_Rosal_0001.jpg.flipped.jpg,Richard_Greenberg_0001.jpg.flipped.jpg,0,classifier.6,0.18577682971954346
134,Guennadi_Chipouline_0001.jpg.flipped.jpg,Tom_Koenigs_0001.jpg.flipped.jpg,0,classifier.6,0.3054700493812561
135,Guillaume_Depardieu_0001.jpg.flipped.jpg,Manuel_Llorente_0001.jpg.flipped.jpg,0,classifier.6,0.17765426635742188
136,Gunilla_Backman_0001.jpg.flipped.jpg,Kathleen_Abernathy_0001.jpg.flipped.jpg,0,classifier.6,0.2443079948425293
137,Gunter_Pleuger_0003.jpg.flipped.jpg,Vaclav_Klaus_0001.jpg.flipped.jpg,0,classifier.6,0.14410674571990967
138,Hans_Blix_0009.jpg.flipped.jpg,Hans_Blix_0012.jpg.flipped.jpg,1,classifier.6,0.3064349889755249
139,Hans_Eichel_0001.jpg.flipped.jpg,Jimmy_Iovine_0001.jpg.flipped.jpg,0,classifier.6,0.29819726943969727
140,Harald_Ringstorff_0001.jpg.flipped.jpg,Pat_Riley_0001.jpg.flipped.jpg,0,classifier.6,0.321691632270813
141,Heidi_Fleiss_0001.jpg.flipped.jpg,Heidi_Fleiss_0003.jpg.flipped.jpg,1,classifier.6,0.11470109224319458
142,Horacio_Julio_Pina_0001.jpg.flipped.jpg,Zaini_Abdullah_0001.jpg.flipped.jpg,0,classifier.6,0.1681894063949585
143,Ian_Thorpe_0005.jpg.flipped.jpg,Ian_Thorpe_0007.jpg.flipped.jpg,1,classifier.6,0.18912196159362793
144,Iran_Brown_0001.jpg.flipped.jpg,Margaret_Caruso_0001.jpg.flipped.jpg,0,classifier.6,0.27056849002838135
145,Isabelle_Huppert_0001.jpg.flipped.jpg,Isabelle_Huppert_0002.jpg.flipped.jpg,1,classifier.6,0.21267378330230713
146,Jada_Pinkett_Smith_0002.jpg.flipped.jpg,Jenny_Romero_0001.jpg.flipped.jpg,0,classifier.6,0.1815030574798584
147,James_Caan_0002.jpg.flipped.jpg,Paul_Sarbanes_0002.jpg.flipped.jpg,0,classifier.6,0.23006892204284668
148,James_Smith_0001.jpg.flipped.jpg,James_Smith_0002.jpg.flipped.jpg,1,classifier.6,0.13824641704559326
149,Jamie_Kellner_0001.jpg.flipped.jpg,Tomas_Malik_0001.jpg.flipped.jpg,0,classifier.6,0.32920753955841064
150,Jane_Kaczmarek_0001.jpg.flipped.jpg,Jane_Kaczmarek_0002.jpg.flipped.jpg,1,classifier.6,0.103779137134552
151,Janela_Jara_0001.jpg.flipped.jpg,Kirsten_Clark_0001.jpg.flipped.jpg,0,classifier.6,0.3076842427253723
152,Jason_Statham_0001.jpg.flipped.jpg,Kwame_Kilpatrick_0001.jpg.flipped.jpg,0,classifier.6,0.20600682497024536
153,Jean-Marc_Olive_0001.jpg.flipped.jpg,John_Timoney_0001.jpg.flipped.jpg,0,classifier.6,0.20761078596115112
154,Jeff_Van_Gundy_0001.jpg.flipped.jpg,Jeff_Van_Gundy_0002.jpg.flipped.jpg,1,classifier.6,0.1781192421913147
155,Jen_Bice_0001.jpg.flipped.jpg,Judi_Dench_0002.jpg.flipped.jpg,0,classifier.6,0.1334458589553833
156,Jennifer_Capriati_0007.jpg.flipped.jpg,Jennifer_Capriati_0032.jpg.flipped.jpg,1,classifier.6,0.3436431288719177
157,Jennifer_Garner_0007.jpg.flipped.jpg,Jennifer_Garner_0012.jpg.flipped.jpg,1,classifier.6,0.1860526204109192
158,Jennifer_Granholm_0001.jpg.flipped.jpg,Trudi_Lacey_0001.jpg.flipped.jpg,0,classifier.6,0.34161072969436646
159,Jennifer_Lopez_0003.jpg.flipped.jpg,Jennifer_Lopez_0010.jpg.flipped.jpg,1,classifier.6,0.12338995933532715
160,Jennifer_Pena_0001.jpg.flipped.jpg,Sonia_Lopez_0001.jpg.flipped.jpg,0,classifier.6,0.3975980281829834
161,Jennifer_Reilly_0001.jpg.flipped.jpg,Jennifer_Reilly_0002.jpg.flipped.jpg,1,classifier.6,0.08874154090881348
162,Jennifer_Thompson_0001.jpg.flipped.jpg,Jennifer_Thompson_0002.jpg.flipped.jpg,1,classifier.6,0.06874644756317139
163,Jeong_Se-hyun_0007.jpg.flipped.jpg,Jeong_Se-hyun_0009.jpg.flipped.jpg,1,classifier.6,0.3193514943122864
164,Jerry_Falwell_0001.jpg.flipped.jpg,Jerry_Falwell_0002.jpg.flipped.jpg,1,classifier.6,0.15383458137512207
165,Jessica_Capshaw_0001.jpg.flipped.jpg,Penelope_Cruz_0002.jpg.flipped.jpg,0,classifier.6,0.14988470077514648
166,Jiang_Zemin_0015.jpg.flipped.jpg,Jiang_Zemin_0018.jpg.flipped.jpg,1,classifier.6,0.07226365804672241
167,Joe_Torre_0001.jpg.flipped.jpg,Joe_Torre_0003.jpg.flipped.jpg,1,classifier.6,0.1671961545944214
168,John_Abizaid_0001.jpg.flipped.jpg,John_Abizaid_0002.jpg.flipped.jpg,1,classifier.6,0.23441272974014282
169,John_Bolton_0014.jpg.flipped.jpg,Kim_Yun-kyu_0001.jpg.flipped.jpg,0,classifier.6,0.25360798835754395
170,John_Dallager_0001.jpg.flipped.jpg,Jose_Canseco_Sr_0001.jpg.flipped.jpg,0,classifier.6,0.15502285957336426
171,John_Robbins_0001.jpg.flipped.jpg,Tom_Foy_0001.jpg.flipped.jpg,0,classifier.6,0.3069635033607483
172,Jorge_Alberto_Galindo_0001.jpg.flipped.jpg,Roger_King_0001.jpg.flipped.jpg,0,classifier.6,0.17733192443847656
173,Jose_Canseco_0001.jpg.flipped.jpg,Jose_Canseco_0003.jpg.flipped.jpg,1,classifier.6,0.3283643126487732
174,Juan_Carlos_Ferrero_0009.jpg.flipped.jpg,Juan_Carlos_Ferrero_0017.jpg.flipped.jpg,1,classifier.6,0.11743426322937012
175,Juan_Fernandez_0001.jpg.flipped.jpg,Paul_Krueger_0001.jpg.flipped.jpg,0,classifier.6,0.11943984031677246
176,Juan_Manuel_Marquez_0001.jpg.flipped.jpg,Juan_Manuel_Marquez_0002.jpg.flipped.jpg,1,classifier.6,0.10299932956695557
177,Julia_Tymoshenko_0001.jpg.flipped.jpg,Julia_Tymoshenko_0003.jpg.flipped.jpg,1,classifier.6,0.14249885082244873
178,Julio_Iglesias_Jr_0001.jpg.flipped.jpg,Ramon_Ponce_de_Leon_0001.jpg.flipped.jpg,0,classifier.6,0.27601486444473267
179,Justin_Timberlake_0001.jpg.flipped.jpg,Justin_Timberlake_0002.jpg.flipped.jpg,1,classifier.6,0.2547428607940674
180,Justine_Pasek_0006.jpg.flipped.jpg,Justine_Pasek_0007.jpg.flipped.jpg,1,classifier.6,0.1380554437637329
181,Kate_Burton_0001.jpg.flipped.jpg,Martha_Stewart_0002.jpg.flipped.jpg,0,classifier.6,0.08964145183563232
182,Kate_Winslet_0001.jpg.flipped.jpg,Kate_Winslet_0002.jpg.flipped.jpg,1,classifier.6,0.06889927387237549
183,Katherine_Harris_0001.jpg.flipped.jpg,Katherine_Harris_0002.jpg.flipped.jpg,1,classifier.6,0.14274364709854126
184,Kathleen_Glynn_0001.jpg.flipped.jpg,Kathleen_Glynn_0002.jpg.flipped.jpg,1,classifier.6,0.09100759029388428
185,Kathryn_Morris_0001.jpg.flipped.jpg,Minnie_Driver_0002.jpg.flipped.jpg,0,classifier.6,0.27123332023620605
186,Keanu_Reeves_0006.jpg.flipped.jpg,Keanu_Reeves_0009.jpg.flipped.jpg,1,classifier.6,0.3007776737213135
187,Keanu_Reeves_0006.jpg.flipped.jpg,Keanu_Reeves_0010.jpg.flipped.jpg,1,classifier.6,0.2737618088722229
188,Keiko_Sofia_Fujimori_0001.jpg.flipped.jpg,Sureyya_Ayhan_0001.jpg.flipped.jpg,0,classifier.6,0.16933095455169678
189,Kim_Weeks_0001.jpg.flipped.jpg,Marie-Josee_Croze_0001.jpg.flipped.jpg,0,classifier.6,0.10725599527359009
190,Kimora_Lee_0001.jpg.flipped.jpg,Robin_Johansen_0001.jpg.flipped.jpg,0,classifier.6,0.1833469271659851
191,Krishna_Bhadur_Mahara_0001.jpg.flipped.jpg,Peter_Holmberg_0001.jpg.flipped.jpg,0,classifier.6,0.2022007703781128
192,Kristen_Breitweiser_0001.jpg.flipped.jpg,Tatiana_Shchegoleva_0001.jpg.flipped.jpg,0,classifier.6,0.3023543953895569
193,Kristen_Breitweiser_0002.jpg.flipped.jpg,Kristen_Breitweiser_0003.jpg.flipped.jpg,1,classifier.6,0.14138275384902954
194,Kwon_Yang-sook_0001.jpg.flipped.jpg,Kwon_Yang-sook_0003.jpg.flipped.jpg,1,classifier.6,0.19254612922668457
195,Larry_Coker_0002.jpg.flipped.jpg,Larry_Coker_0004.jpg.flipped.jpg,1,classifier.6,0.17841321229934692
196,Larry_Harris_0001.jpg.flipped.jpg,Michael_Lechner_0001.jpg.flipped.jpg,0,classifier.6,0.3313676118850708
197,Larry_Ralston_0001.jpg.flipped.jpg,William_Donaldson_0006.jpg.flipped.jpg,0,classifier.6,0.13852715492248535
198,Laura_Gobai_0001.jpg.flipped.jpg,Robin_Wagner_0001.jpg.flipped.jpg,0,classifier.6,0.22315865755081177
199,Laura_Linney_0001.jpg.flipped.jpg,Laura_Linney_0003.jpg.flipped.jpg,1,classifier.6,0.11315149068832397
200,Laura_Linney_0003.jpg.flipped.jpg,Laura_Linney_0004.jpg.flipped.jpg,1,classifier.6,0.21319544315338135
201,Laurel_Clark_0001.jpg.flipped.jpg,Priscilla_Presley_0001.jpg.flipped.jpg,0,classifier.6,0.5083785653114319
202,Laurie_Laychak_0001.jpg.flipped.jpg,Pa_Kou_Hang_0001.jpg.flipped.jpg,0,classifier.6,0.3032541275024414
203,Lenny_Wilkens_0001.jpg.flipped.jpg,Lenny_Wilkens_0002.jpg.flipped.jpg,1,classifier.6,0.10756123065948486
204,Leon_Barmore_0001.jpg.flipped.jpg,Yusaku_Miyazato_0001.jpg.flipped.jpg,0,classifier.6,0.2486702799797058
205,Leonardo_Del_Vecchio_0001.jpg.flipped.jpg,Tatiana_Shchegoleva_0001.jpg.flipped.jpg,0,classifier.6,0.2050868272781372
206,Li_Peng_0004.jpg.flipped.jpg,Li_Peng_0007.jpg.flipped.jpg,1,classifier.6,0.17856019735336304
207,Linda_Franklin_0001.jpg.flipped.jpg,Melissa_Joan_Hart_0001.jpg.flipped.jpg,0,classifier.6,0.18177849054336548
208,Lindsay_Benko_0002.jpg.flipped.jpg,Mireya_Elisa_Moscoso_Rodriguez_0001.jpg.flipped.jpg,0,classifier.6,0.24206280708312988
209,Liza_Minnelli_0005.jpg.flipped.jpg,Liza_Minnelli_0006.jpg.flipped.jpg,1,classifier.6,0.2945849895477295
210,Lucio_Gutierrez_0006.jpg.flipped.jpg,Lucio_Gutierrez_0007.jpg.flipped.jpg,1,classifier.6,0.1947804093360901
211,Lynne_Thigpen_0001.jpg.flipped.jpg,Mary_Blige_0001.jpg.flipped.jpg,0,classifier.6,0.2291715145111084
212,Magui_Serna_0001.jpg.flipped.jpg,Magui_Serna_0002.jpg.flipped.jpg,1,classifier.6,0.4185009002685547
213,Marcelo_Ebrard_0001.jpg.flipped.jpg,Marcelo_Ebrard_0003.jpg.flipped.jpg,1,classifier.6,0.15389549732208252
214,Marina_Anissina_0001.jpg.flipped.jpg,Marina_Anissina_0002.jpg.flipped.jpg,1,classifier.6,0.0514063835144043
215,Marisa_Tomei_0001.jpg.flipped.jpg,Marisa_Tomei_0002.jpg.flipped.jpg,1,classifier.6,0.07361125946044922
216,Mark_Kelly_0001.jpg.flipped.jpg,Mark_Lazarus_0001.jpg.flipped.jpg,0,classifier.6,0.14250510931015015
217,Mary_Tyler_Moore_0001.jpg.flipped.jpg,Mary_Tyler_Moore_0002.jpg.flipped.jpg,1,classifier.6,0.1570141315460205
218,Mary-Kate_Olsen_0001.jpg.flipped.jpg,Mary-Kate_Olsen_0002.jpg.flipped.jpg,1,classifier.6,0.1919647455215454
219,Mathias_Reichhold_0001.jpg.flipped.jpg,Mathias_Reichhold_0002.jpg.flipped.jpg,1,classifier.6,0.21470928192138672
220,Max_Mosley_0001.jpg.flipped.jpg,Raul_Gonzalez_0001.jpg.flipped.jpg,0,classifier.6,0.21128743886947632
221,Mel_Brooks_0001.jpg.flipped.jpg,Mel_Brooks_0002.jpg.flipped.jpg,1,classifier.6,0.6865363121032715
222,Melanie_Griffith_0001.jpg.flipped.jpg,Melanie_Griffith_0003.jpg.flipped.jpg,1,classifier.6,0.17956435680389404
223,Melissa_Mulloy_0001.jpg.flipped.jpg,Paula_Abdul_0001.jpg.flipped.jpg,0,classifier.6,0.170546293258667
224,Michael_Bloomberg_0015.jpg.flipped.jpg,Ozzy_Osbourne_0002.jpg.flipped.jpg,0,classifier.6,0.1359715461730957
225,Michael_Capellas_0001.jpg.flipped.jpg,Michael_Capellas_0002.jpg.flipped.jpg,1,classifier.6,0.14593714475631714
226,Michael_Chang_0001.jpg.flipped.jpg,Michael_Chang_0003.jpg.flipped.jpg,1,classifier.6,0.0876164436340332
227,Michael_Kahn_0001.jpg.flipped.jpg,Rick_Caruso_0001.jpg.flipped.jpg,0,classifier.6,0.22457975149154663
228,Michael_Moore_0002.jpg.flipped.jpg,Michael_Moore_0003.jpg.flipped.jpg,1,classifier.6,0.21863144636154175
229,Michael_Pfleger_0001.jpg.flipped.jpg,Robert_Ehrlich_0002.jpg.flipped.jpg,0,classifier.6,0.1537179946899414
230,Michelle_Rodriguez_0001.jpg.flipped.jpg,Michelle_Rodriguez_0002.jpg.flipped.jpg,1,classifier.6,0.0966222882270813
231,Mikhail_Kasyanov_0003.jpg.flipped.jpg,Mikhail_Kasyanov_0004.jpg.flipped.jpg,1,classifier.6,0.02082371711730957
232,Mikhail_Wehbe_0001.jpg.flipped.jpg,Mikhail_Wehbe_0003.jpg.flipped.jpg,1,classifier.6,0.13563579320907593
233,Milan_Kucan_0001.jpg.flipped.jpg,Salman_Khan_0001.jpg.flipped.jpg,0,classifier.6,0.2881009578704834
234,Milt_Heflin_0001.jpg.flipped.jpg,Pier_Ferdinando_Casini_0001.jpg.flipped.jpg,0,classifier.6,0.1492687463760376
235,Mireya_Moscoso_0004.jpg.flipped.jpg,San_Lan_0001.jpg.flipped.jpg,0,classifier.6,0.16453313827514648
236,Monica_Seles_0002.jpg.flipped.jpg,Queen_Beatrix_0004.jpg.flipped.jpg,0,classifier.6,0.10866409540176392
237,Muhammad_Ali_0001.jpg.flipped.jpg,Muhammad_Ali_0003.jpg.flipped.jpg,1,classifier.6,0.2449251413345337
238,Nadia_Petrova_0002.jpg.flipped.jpg,Nadia_Petrova_0003.jpg.flipped.jpg,1,classifier.6,0.08972126245498657
239,Nastia_Liukin_0001.jpg.flipped.jpg,Nicole_Parker_0001.jpg.flipped.jpg,0,classifier.6,0.36207765340805054
240,Natalie_Cole_0002.jpg.flipped.jpg,Natalie_Cole_0003.jpg.flipped.jpg,1,classifier.6,0.21526527404785156
241,Nelson_Mandela_0001.jpg.flipped.jpg,Nelson_Mandela_0003.jpg.flipped.jpg,1,classifier.6,0.15177273750305176
242,Nelson_Shanks_0001.jpg.flipped.jpg,Pedro_Martinez_0001.jpg.flipped.jpg,0,classifier.6,0.19606292247772217
243,Nelson_Shanks_0001.jpg.flipped.jpg,Ren_Qingjin_0001.jpg.flipped.jpg,0,classifier.6,0.19631052017211914
244,Nia_Vardalos_0001.jpg.flipped.jpg,Nia_Vardalos_0003.jpg.flipped.jpg,1,classifier.6,0.2683040499687195
245,Nicole_Kidman_0003.jpg.flipped.jpg,Nicole_Kidman_0011.jpg.flipped.jpg,1,classifier.6,0.3229062557220459
246,Norah_Jones_0003.jpg.flipped.jpg,Norah_Jones_0015.jpg.flipped.jpg,1,classifier.6,0.21763122081756592
247,Norah_Jones_0011.jpg.flipped.jpg,Norah_Jones_0012.jpg.flipped.jpg,1,classifier.6,0.10017657279968262
248,Oprah_Winfrey_0002.jpg.flipped.jpg,Oprah_Winfrey_0003.jpg.flipped.jpg,1,classifier.6,0.41397273540496826
249,Oswaldo_Paya_0001.jpg.flipped.jpg,Oswaldo_Paya_0003.jpg.flipped.jpg,1,classifier.6,0.24350214004516602
250,Pamela_Anderson_0001.jpg.flipped.jpg,Pamela_Anderson_0002.jpg.flipped.jpg,1,classifier.6,0.11978638172149658
251,Patty_Schnyder_0001.jpg.flipped.jpg,Patty_Schnyder_0002.jpg.flipped.jpg,1,classifier.6,0.2858695983886719
252,Patty_Schnyder_0003.jpg.flipped.jpg,Pernilla_Bjorn_0001.jpg.flipped.jpg,0,classifier.6,0.3989061713218689
253,Paul_Sarbanes_0002.jpg.flipped.jpg,Paul_Sarbanes_0003.jpg.flipped.jpg,1,classifier.6,0.17956697940826416
254,Paula_Zahn_0001.jpg.flipped.jpg,Tamara_Mowry_0001.jpg.flipped.jpg,0,classifier.6,0.1605515480041504
255,Pedro_Malan_0001.jpg.flipped.jpg,Pedro_Malan_0005.jpg.flipped.jpg,1,classifier.6,0.1842421293258667
256,Pete_Sampras_0010.jpg.flipped.jpg,Pete_Sampras_0013.jpg.flipped.jpg,1,classifier.6,0.32608187198638916
257,Phil_Mickelson_0001.jpg.flipped.jpg,Phil_Mickelson_0002.jpg.flipped.jpg,1,classifier.6,0.11250567436218262
258,Prince_Harry_0002.jpg.flipped.jpg,Prince_Harry_0003.jpg.flipped.jpg,1,classifier.6,0.18112456798553467
259,Queen_Latifah_0001.jpg.flipped.jpg,Queen_Latifah_0003.jpg.flipped.jpg,1,classifier.6,0.13648772239685059
260,Raaf_Schefter_0001.jpg.flipped.jpg,Rick_Dinse_0002.jpg.flipped.jpg,0,classifier.6,0.2649083733558655
261,Rebecca_Romijn-Stamos_0003.jpg.flipped.jpg,Rebecca_Romijn-Stamos_0004.jpg.flipped.jpg,1,classifier.6,0.0840986967086792
262,Reese_Witherspoon_0002.jpg.flipped.jpg,Toni_Jennings_0001.jpg.flipped.jpg,0,classifier.6,0.39275461435317993
263,Rich_Gannon_0001.jpg.flipped.jpg,Rich_Gannon_0002.jpg.flipped.jpg,1,classifier.6,0.15168142318725586
264,Rita_Grande_0001.jpg.flipped.jpg,Rita_Grande_0002.jpg.flipped.jpg,1,classifier.6,0.18026494979858398
265,Robert_Blake_0001.jpg.flipped.jpg,Robert_Blake_0003.jpg.flipped.jpg,1,classifier.6,0.23804116249084473
266,Robert_De_Niro_0001.jpg.flipped.jpg,Robert_De_Niro_0004.jpg.flipped.jpg,1,classifier.6,0.3229694962501526
267,Robert_Downey_Jr_0001.jpg.flipped.jpg,Tommy_Shane_Steiner_0001.jpg.flipped.jpg,0,classifier.6,0.118888258934021
268,Robert_Kocharian_0004.jpg.flipped.jpg,Robert_Kocharian_0005.jpg.flipped.jpg,1,classifier.6,0.17288917303085327
269,Robert_Wagner_0001.jpg.flipped.jpg,Tommy_Franks_0011.jpg.flipped.jpg,0,classifier.6,0.14752066135406494
270,Robin_Wright_Penn_0001.jpg.flipped.jpg,Yoko_Ono_0006.jpg.flipped.jpg,0,classifier.6,0.13705003261566162
271,Rodolfo_Abalos_0001.jpg.flipped.jpg,Thierry_Falise_0003.jpg.flipped.jpg,0,classifier.6,0.17849957942962646
272,Rudolph_Giuliani_0004.jpg.flipped.jpg,Rudolph_Giuliani_0017.jpg.flipped.jpg,1,classifier.6,0.2531588077545166
273,Sandra_Bullock_0003.jpg.flipped.jpg,Sandra_Bullock_0002.jpg.flipped.jpg,1,classifier.6,0.34320253133773804
274,Sarah_Hughes_0001.jpg.flipped.jpg,Sarah_Hughes_0006.jpg.flipped.jpg,1,classifier.6,0.361461877822876
275,Sarah_Hughes_0003.jpg.flipped.jpg,Sarah_Hughes_0005.jpg.flipped.jpg,1,classifier.6,0.17902517318725586
276,Sarah_Jessica_Parker_0002.jpg.flipped.jpg,Sarah_Jessica_Parker_0004.jpg.flipped.jpg,1,classifier.6,0.14540910720825195
277,Sarah_Michelle_Gellar_0001.jpg.flipped.jpg,Sarah_Michelle_Gellar_0003.jpg.flipped.jpg,1,classifier.6,0.199318528175354
278,Scott_Hoch_0001.jpg.flipped.jpg,Thomas_Stewart_0001.jpg.flipped.jpg,0,classifier.6,0.4035332202911377
279,Scott_Ritter_0001.jpg.flipped.jpg,Scott_Ritter_0002.jpg.flipped.jpg,1,classifier.6,0.17202413082122803
280,Se_Hyuk_Joo_0001.jpg.flipped.jpg,Tom_Rouen_0001.jpg.flipped.jpg,0,classifier.6,0.12169456481933594
281,Sean_Penn_0002.jpg.flipped.jpg,Sean_Penn_0003.jpg.flipped.jpg,1,classifier.6,0.3590307831764221
282,Sharon_Stone_0002.jpg.flipped.jpg,Sharon_Stone_0004.jpg.flipped.jpg,1,classifier.6,0.20033621788024902
283,Sheila_Copps_0002.jpg.flipped.jpg,Sheila_Copps_0003.jpg.flipped.jpg,1,classifier.6,0.268416166305542
284,Slobodan_Milosevic_0003.jpg.flipped.jpg,Slobodan_Milosevic_0004.jpg.flipped.jpg,1,classifier.6,0.23853397369384766
285,Steve_Ballmer_0001.jpg.flipped.jpg,Steve_Ballmer_0003.jpg.flipped.jpg,1,classifier.6,0.22115552425384521
286,Terry_McAuliffe_0001.jpg.flipped.jpg,Terry_McAuliffe_0003.jpg.flipped.jpg,1,classifier.6,0.2523534297943115
287,Thaksin_Shinawatra_0005.jpg.flipped.jpg,Thaksin_Shinawatra_0006.jpg.flipped.jpg,1,classifier.6,0.07039225101470947
288,Tiger_Woods_0002.jpg.flipped.jpg,Tiger_Woods_0006.jpg.flipped.jpg,1,classifier.6,0.3358968496322632
289,Tiger_Woods_0006.jpg.flipped.jpg,Tiger_Woods_0018.jpg.flipped.jpg,1,classifier.6,0.3822139501571655
290,Tom_Watson_0002.jpg.flipped.jpg,Tom_Watson_0003.jpg.flipped.jpg,1,classifier.6,0.06339919567108154
291,Tony_Curtis_0001.jpg.flipped.jpg,Tony_Curtis_0002.jpg.flipped.jpg,1,classifier.6,0.17051124572753906
292,Vanessa_Williams_0001.jpg.flipped.jpg,Vanessa_Williams_0002.jpg.flipped.jpg,1,classifier.6,0.17703849077224731
293,Venus_Williams_0002.jpg.flipped.jpg,Venus_Williams_0009.jpg.flipped.jpg,1,classifier.6,0.1834734082221985
294,Victoria_Beckham_0001.jpg.flipped.jpg,Victoria_Beckham_0003.jpg.flipped.jpg,1,classifier.6,0.17448687553405762
295,Victoria_Clarke_0001.jpg.flipped.jpg,Victoria_Clarke_0005.jpg.flipped.jpg,1,classifier.6,0.08728396892547607
296,Vladimir_Spidla_0002.jpg.flipped.jpg,Vladimir_Spidla_0003.jpg.flipped.jpg,1,classifier.6,0.12024295330047607
297,Vojislav_Kostunica_0005.jpg.flipped.jpg,Vojislav_Kostunica_0007.jpg.flipped.jpg,1,classifier.6,0.21158039569854736
298,Wang_Yi_0001.jpg.flipped.jpg,Wang_Yi_0002.jpg.flipped.jpg,1,classifier.6,0.07695746421813965
299,Wen_Jiabao_0005.jpg.flipped.jpg,Wen_Jiabao_0006.jpg.flipped.jpg,1,classifier.6,0.21976059675216675
300,Yashwant_Sinha_0001.jpg.flipped.jpg,Yashwant_Sinha_0003.jpg.flipped.jpg,1,classifier.6,0.23527657985687256
