img1,img2,Pair,cond,higher_more_similar_raw,distance,layer_name,model_computed_distance
Upright/Normal/img1.jpeg,Upright/Thatcher/img1.jpeg,1,upright,3.65,3.35,classifier.6,12.411887168884277
Upright/Normal/img2.jpeg,Upright/Thatcher/img2.jpeg,2,upright,4.1,2.9,classifier.6,8.138794898986816
Upright/Normal/img3.jpeg,Upright/Thatcher/img3.jpeg,3,upright,3.35,3.65,classifier.6,10.013389587402344
Upright/Normal/img4.jpeg,Upright/Thatcher/img4.jpeg,4,upright,3.1,3.9,classifier.6,15.906603813171387
Upright/Normal/img5.jpeg,Upright/Thatcher/img5.jpeg,5,upright,4.2,2.8,classifier.6,24.846044540405273
Upright/Normal/img6.jpeg,Upright/Thatcher/img6.jpeg,6,upright,3.05,3.95,classifier.6,10.924056053161621
Upright/Normal/img7.jpeg,Upright/Thatcher/img7.jpeg,7,upright,3.35,3.65,classifier.6,17.382043838500977
Upright/Normal/img8.jpeg,Upright/Thatcher/img8.jpeg,8,upright,3.2,3.8,classifier.6,10.199239730834961
Upright/Normal/img9.jpeg,Upright/Thatcher/img9.jpeg,9,upright,3.85,3.15,classifier.6,17.702423095703125
Upright/Normal/img10.jpeg,Upright/Thatcher/img10.jpeg,10,upright,3.1,3.9,classifier.6,11.876103401184082
Upright/Normal/img11.jpeg,Upright/Thatcher/img11.jpeg,11,upright,3.3,3.7,classifier.6,15.681929588317871
Upright/Normal/img12.jpeg,Upright/Thatcher/img12.jpeg,12,upright,3.1,3.9,classifier.6,14.92248249053955
Upright/Normal/img13.jpeg,Upright/Thatcher/img13.jpeg,13,upright,3.7,3.3,classifier.6,12.011287689208984
Upright/Normal/img14.jpeg,Upright/Thatcher/img14.jpeg,14,upright,3.3,3.7,classifier.6,19.596567153930664
Upright/Normal/img15.jpg,Upright/Thatcher/img15.JPG,15,upright,2.95,4.05,classifier.6,13.159244537353516
Upright/Normal/img16.jpg,Upright/Thatcher/img16.jpg,16,upright,2.8,4.2,classifier.6,22.345806121826172
Upright/Normal/img17.jpg,Upright/Thatcher/img17.JPG,17,upright,3.25,3.75,classifier.6,11.687610626220703
Upright/Normal/img18.JPG,Upright/Thatcher/img18.JPG,18,upright,4.35,2.65,classifier.6,17.051668167114258
Upright/Normal/img19.jpg,Upright/Thatcher/img19.jpg,19,upright,4.25,2.75,classifier.6,15.273686408996582
Upright/Normal/img20.JPG,Upright/Thatcher/img20.JPG,20,upright,3.1,3.9,classifier.6,12.84875202178955
Upright/Normal/img21.jpg,Upright/Thatcher/img21.JPG,21,upright,3.1,3.9,classifier.6,10.846324920654297
Upright/Normal/img22.jpg,Upright/Thatcher/img22.jpg,22,upright,3.5,3.5,classifier.6,18.670541763305664
Upright/Normal/img23.jpeg,Upright/Thatcher/img23.jpeg,23,upright,3.8,3.2,classifier.6,17.373130798339844
Upright/Normal/img24.jpeg,Upright/Thatcher/img24.jpeg,24,upright,4.45,2.55,classifier.6,12.839150428771973
Inverted/Normal/img1.jpeg,Inverted/Thatcher/img1.jpeg,1,inverted,4.08,2.92,classifier.6,27.19204330444336
Inverted/Normal/img2.jpeg,Inverted/Thatcher/img2.jpeg,2,inverted,3.67,3.33,classifier.6,13.827449798583984
Inverted/Normal/img3.jpeg,Inverted/Thatcher/img3.jpeg,3,inverted,4.62,2.38,classifier.6,14.096912384033203
Inverted/Normal/img4.jpeg,Inverted/Thatcher/img4.jpeg,4,inverted,3.62,3.38,classifier.6,20.16360092163086
Inverted/Normal/img5.jpeg,Inverted/Thatcher/img5.jpeg,5,inverted,3.62,3.38,classifier.6,38.67428970336914
Inverted/Normal/img6.jpeg,Inverted/Thatcher/img6.jpeg,6,inverted,3.25,3.75,classifier.6,13.908886909484863
Inverted/Normal/img7.jpeg,Inverted/Thatcher/img7.jpeg,7,inverted,4.04,2.96,classifier.6,20.732025146484375
Inverted/Normal/img8.jpeg,Inverted/Thatcher/img8.jpeg,8,inverted,4.33,2.67,classifier.6,18.989295959472656
Inverted/Normal/img9.jpeg,Inverted/Thatcher/img9.jpeg,9,inverted,4.08,2.92,classifier.6,16.302879333496094
Inverted/Normal/img10.jpeg,Inverted/Thatcher/img10.jpeg,10,inverted,3.04,3.96,classifier.6,21.673505783081055
Inverted/Normal/img11.jpeg,Inverted/Thatcher/img11.jpeg,11,inverted,3.54,3.46,classifier.6,22.367969512939453
Inverted/Normal/img12.jpeg,Inverted/Thatcher/img12.jpeg,12,inverted,3.29,3.71,classifier.6,17.579723358154297
Inverted/Normal/img13.jpeg,Inverted/Thatcher/img13.jpeg,13,inverted,4.33,2.67,classifier.6,13.980003356933594
Inverted/Normal/img14.jpeg,Inverted/Thatcher/img14.jpeg,14,inverted,4.04,2.96,classifier.6,14.236601829528809
Inverted/Normal/img15.jpg,Inverted/Thatcher/img15.JPG,15,inverted,3.62,3.38,classifier.6,22.250411987304688
Inverted/Normal/img16.jpg,Inverted/Thatcher/img16.jpg,16,inverted,3.04,3.96,classifier.6,15.663182258605957
Inverted/Normal/img17.jpg,Inverted/Thatcher/img17.JPG,17,inverted,3.83,3.17,classifier.6,16.695802688598633
Inverted/Normal/img18.JPG,Inverted/Thatcher/img18.JPG,18,inverted,4.21,2.79,classifier.6,17.126609802246094
Inverted/Normal/img19.jpg,Inverted/Thatcher/img19.jpg,19,inverted,4.33,2.67,classifier.6,16.99201202392578
Inverted/Normal/img20.JPG,Inverted/Thatcher/img20.JPG,20,inverted,3.0,4.0,classifier.6,20.20109748840332
Inverted/Normal/img21.jpg,Inverted/Thatcher/img21.JPG,21,inverted,3.33,3.67,classifier.6,20.6276912689209
Inverted/Normal/img22.jpg,Inverted/Thatcher/img22.jpg,22,inverted,4.12,2.88,classifier.6,22.046981811523438
Inverted/Normal/img23.jpeg,Inverted/Thatcher/img23.jpeg,23,inverted,4.62,2.38,classifier.6,19.97844696044922
Inverted/Normal/img24.jpeg,Inverted/Thatcher/img24.jpeg,24,inverted,3.92,3.08,classifier.6,13.0814208984375
