img1,img2,distance,napth_name,layer_name,model_computed_distance
ak_ref.png,l_05_kutcher_nose_66.png,3.947368421,ak,classifier.5,0.152357816696167
ba_ref.png,l_05_affleck_95_nose.png,3.473684211,ba,classifier.5,0.1306980848312378
dd_ref.png,l_05_duchovny_48_nose.png,3.526315789,dd,classifier.5,0.07588386535644531
gc_ref.png,l_05_clooney_24nose.png,3.789473684,gc,classifier.5,0.0839083194732666
jb_ref.png,l_05_bieber_66_nose.png,2.842105263,jb,classifier.5,0.0990028977394104
js_ref.png,l_05_seinfeld_nose_57.png,3.368421053,js,classifier.5,0.28655940294265747
md_ref.png,l_05_daimon_57_nose.png,4.631578947,md,classifier.5,0.03986239433288574
mz_ref.png,l_05_zukerberg_nose_69.png,4.789473684,mz,classifier.5,0.19023478031158447
rn_ref.png,l_05_deNiro_nose_25.png,4.789473684,rn,classifier.5,0.22229653596878052
th_ref.png,l_05_hanks_nose_81.png,4.736842105,th,classifier.5,0.13988065719604492
CM46_2.png,Cpict46_set3_5_43_MouthSize.png,3.117647059,1,classifier.5,0.05448412895202637
CM47_2.png,Cpict47_set3_5_14_lips.png,3.263157895,2,classifier.5,0.07482719421386719
CM48_2.png,Cpict48_set3_5_87_Lips.png,3.166666667,3,classifier.5,0.10288363695144653
CM50_2.png,Cpic50_set3_5_22_Lips.png,4.647058824,4,classifier.5,0.06576520204544067
CM51_2.png,Cpic51_set3_5_43_Mouth.png,2.842105263,5,classifier.5,0.037213802337646484
CM55_2.png,Cpic55_set3_5_87_Mouth.png,3.333333333,6,classifier.5,0.09991371631622314
CM60_2.png,Cpict60_set3_5_48_Mouth.png,2.823529412,7,classifier.5,0.04172682762145996
CM61_2.png,Cpict61_set3_5_57_MouthB.png,3.157894737,8,classifier.5,0.14683961868286133
CM62_2.png,Cpict62_set3_5_22_MouthSize.png,3.166666667,9,classifier.5,0.10605740547180176
CM64_2.png,Cpict64_set3_5_14_Mouth.png,2.647058824,10,classifier.5,0.07602012157440186
CM80_2.png,Cpict80_set3_5_43_Mouth.png,2.684210526,11,classifier.5,0.08204692602157593
CM81_2.png,Cpict81_set3_5_87_Mouth.png,3.416666667,12,classifier.5,0.05064040422439575
CM82_2.png,Cpic82_set3_5_14_Mouth.png,3.882352941,13,classifier.5,0.06347334384918213
CM83_2.png,Cpict83_set3_5_57_Mouth.png,3.736842105,14,classifier.5,0.10106509923934937
CM85_2.png,Cpic85_set3_5_57_Mouth.png,3.75,15,classifier.5,0.14166831970214844
