img1,img2,distance,napth_name,layer_name,model_computed_distance
ak_ref.png,h_05_kutcher_Brows_35.png,5.263157895,ak,classifier.5,0.13546985387802124
ba_ref.png,h_05_affleck_76_brows_shape.png,5.684210526,ba,classifier.5,0.17895931005477905
dd_ref.png,h_05_duchovny_76_eye_brows.png,5.052631579,dd,classifier.5,0.07045125961303711
gc_ref.png,h_05_clooney_91_brows.png,5.631578947,gc,classifier.5,0.07480162382125854
jb_ref.png,h_05_bieber_35_brows.png,5.736842105,jb,classifier.5,0.12946927547454834
js_ref.png,h_05_seinfeld_Brows_32.png,5.631578947,js,classifier.5,0.2830014228820801
md_ref.png,h_05_daimon_32_brows.png,5.315789474,md,classifier.5,0.07812219858169556
mz_ref.png,h_05_zukerberg_Brows_64.png,5.421052632,mz,classifier.5,0.4040132164955139
rn_ref.png,h_05_deNiro_Brows_55.png,5.210526316,rn,classifier.5,0.21880465745925903
th_ref.png,h_05_hanks_brows_39.png,5.578947368,th,classifier.5,0.23576784133911133
CM46_2.png,Cpict46_set1_5_24_lips_thick.png,5.583333333,1,classifier.5,0.08429813385009766
CM47_2.png,Cpict47_set1_5_38_LipThick.png,5.411764706,2,classifier.5,0.20037531852722168
CM48_2.png,Cpict48_set1_5_55_Lips.png,5.473684211,3,classifier.5,0.18085485696792603
CM50_2.png,Cpic50_set1_5_69_Lips.png,5.666666667,4,classifier.5,0.09215700626373291
CM51_2.png,Cpic51_set1_5_5_Lips.png,5.470588235,5,classifier.5,0.05105090141296387
CM55_2.png,Cpic55_set1_5_24_Lips.png,5.789473684,6,classifier.5,0.1797913908958435
CM60_2.png,Cpict60_set1_5_69_Lips.png,5.833333333,7,classifier.5,0.09658104181289673
CM61_2.png,Cpict61_set1_5_91_Lips.png,5.529411765,8,classifier.5,0.1438242793083191
CM62_2.png,Cpict62_set1_5_38Lips.png,5.263157895,9,classifier.5,0.3028225302696228
CM64_2.png,Cpict64_set1_5_55_Lips.png,5.833333333,10,classifier.5,0.1295996904373169
CM80_2.png,Cpict80_set1_5_91_Lips.png,5.529411765,11,classifier.5,0.1786903738975525
CM81_2.png,Cpict81_set1_5_5_Lips.png,5.368421053,12,classifier.5,0.20067179203033447
CM82_2.png,Cpic82_set1_5_69_Lips.png,5.5,13,classifier.5,0.07460618019104004
CM83_2.png,Cpict83_set1_5_24_Lips.png,5.058823529,14,classifier.5,0.14156866073608398
CM85_2.png,Cpic85_set1_5_5_Lips.png,5.684210526,15,classifier.5,0.1431715488433838
