img1,img2,condition,layer_name,model_computed_distance
ak_ref.png,l_05_kutcher_nose_66.png,non_critical_changes,classifier.5,0.152357816696167
ba_ref.png,l_05_affleck_95_nose.png,non_critical_changes,classifier.5,0.1306980848312378
dd_ref.png,l_05_duchovny_48_nose.png,non_critical_changes,classifier.5,0.07588386535644531
gc_ref.png,l_05_clooney_24nose.png,non_critical_changes,classifier.5,0.0839083194732666
jb_ref.png,l_05_bieber_66_nose.png,non_critical_changes,classifier.5,0.0990028977394104
js_ref.png,l_05_seinfeld_nose_57.png,non_critical_changes,classifier.5,0.28655940294265747
md_ref.png,l_05_daimon_57_nose.png,non_critical_changes,classifier.5,0.03986239433288574
mz_ref.png,l_05_zukerberg_nose_69.png,non_critical_changes,classifier.5,0.19023478031158447
rn_ref.png,l_05_deNiro_nose_25.png,non_critical_changes,classifier.5,0.22229653596878052
th_ref.png,l_05_hanks_nose_81.png,non_critical_changes,classifier.5,0.13988065719604492
CM46_2.png,Cpict46_set3_5_43_MouthSize.png,non_critical_changes,classifier.5,0.05448412895202637
CM47_2.png,Cpict47_set3_5_14_lips.png,non_critical_changes,classifier.5,0.07482719421386719
CM48_2.png,Cpict48_set3_5_87_Lips.png,non_critical_changes,classifier.5,0.10288363695144653
CM50_2.png,Cpic50_set3_5_22_Lips.png,non_critical_changes,classifier.5,0.06576520204544067
CM51_2.png,Cpic51_set3_5_43_Mouth.png,non_critical_changes,classifier.5,0.037213802337646484
CM55_2.png,Cpic55_set3_5_87_Mouth.png,non_critical_changes,classifier.5,0.09991371631622314
CM60_2.png,Cpict60_set3_5_48_Mouth.png,non_critical_changes,classifier.5,0.04172682762145996
CM61_2.png,Cpict61_set3_5_57_MouthB.png,non_critical_changes,classifier.5,0.14683961868286133
CM62_2.png,Cpict62_set3_5_22_MouthSize.png,non_critical_changes,classifier.5,0.10605740547180176
CM64_2.png,Cpict64_set3_5_14_Mouth.png,non_critical_changes,classifier.5,0.07602012157440186
CM80_2.png,Cpict80_set3_5_43_Mouth.png,non_critical_changes,classifier.5,0.08204692602157593
CM81_2.png,Cpict81_set3_5_87_Mouth.png,non_critical_changes,classifier.5,0.05064040422439575
CM82_2.png,Cpic82_set3_5_14_Mouth.png,non_critical_changes,classifier.5,0.06347334384918213
CM83_2.png,Cpict83_set3_5_57_Mouth.png,non_critical_changes,classifier.5,0.10106509923934937
CM85_2.png,Cpic85_set3_5_57_Mouth.png,non_critical_changes,classifier.5,0.14166831970214844
ak_ref.png,h_05_kutcher_Brows_35.png,critical_changes,classifier.5,0.13546985387802124
ba_ref.png,h_05_affleck_76_brows_shape.png,critical_changes,classifier.5,0.17895931005477905
dd_ref.png,h_05_duchovny_76_eye_brows.png,critical_changes,classifier.5,0.07045125961303711
gc_ref.png,h_05_clooney_91_brows.png,critical_changes,classifier.5,0.07480162382125854
jb_ref.png,h_05_bieber_35_brows.png,critical_changes,classifier.5,0.12946927547454834
js_ref.png,h_05_seinfeld_Brows_32.png,critical_changes,classifier.5,0.2830014228820801
md_ref.png,h_05_daimon_32_brows.png,critical_changes,classifier.5,0.07812219858169556
mz_ref.png,h_05_zukerberg_Brows_64.png,critical_changes,classifier.5,0.4040132164955139
rn_ref.png,h_05_deNiro_Brows_55.png,critical_changes,classifier.5,0.21880465745925903
th_ref.png,h_05_hanks_brows_39.png,critical_changes,classifier.5,0.23576784133911133
CM46_2.png,Cpict46_set1_5_24_lips_thick.png,critical_changes,classifier.5,0.08429813385009766
CM47_2.png,Cpict47_set1_5_38_LipThick.png,critical_changes,classifier.5,0.20037531852722168
CM48_2.png,Cpict48_set1_5_55_Lips.png,critical_changes,classifier.5,0.18085485696792603
CM50_2.png,Cpic50_set1_5_69_Lips.png,critical_changes,classifier.5,0.09215700626373291
CM51_2.png,Cpic51_set1_5_5_Lips.png,critical_changes,classifier.5,0.05105090141296387
CM55_2.png,Cpic55_set1_5_24_Lips.png,critical_changes,classifier.5,0.1797913908958435
CM60_2.png,Cpict60_set1_5_69_Lips.png,critical_changes,classifier.5,0.09658104181289673
CM61_2.png,Cpict61_set1_5_91_Lips.png,critical_changes,classifier.5,0.1438242793083191
CM62_2.png,Cpict62_set1_5_38Lips.png,critical_changes,classifier.5,0.3028225302696228
CM64_2.png,Cpict64_set1_5_55_Lips.png,critical_changes,classifier.5,0.1295996904373169
CM80_2.png,Cpict80_set1_5_91_Lips.png,critical_changes,classifier.5,0.1786903738975525
CM81_2.png,Cpict81_set1_5_5_Lips.png,critical_changes,classifier.5,0.20067179203033447
CM82_2.png,Cpic82_set1_5_69_Lips.png,critical_changes,classifier.5,0.07460618019104004
CM83_2.png,Cpict83_set1_5_24_Lips.png,critical_changes,classifier.5,0.14156866073608398
CM85_2.png,Cpic85_set1_5_5_Lips.png,critical_changes,classifier.5,0.1431715488433838
ak_ref.png,h_00_kutcher.png,same,classifier.5,0.12276488542556763
ba_ref.png,h_00_affleck.png,same,classifier.5,0.17694103717803955
dd_ref.png,h_00_duchovny.png,same,classifier.5,0.09704005718231201
gc_ref.png,h_00_clooney.png,same,classifier.5,0.07522320747375488
jb_ref.png,h_00_bieber.png,same,classifier.5,0.04307675361633301
js_ref.png,h_00_seinfeld.png,same,classifier.5,0.22772395610809326
md_ref.png,h_00_daimon.png,same,classifier.5,0.047931790351867676
mz_ref.png,h_00_zukerberg.png,same,classifier.5,0.17599081993103027
rn_ref.png,h_00_deNiro.png,same,classifier.5,0.1601012945175171
th_ref.png,h_00_hanks.png,same,classifier.5,0.1532474160194397
CM46_2.png,Cpict46_set1_0.png,same,classifier.5,0.06906723976135254
CM47_2.png,Cpict47_set1_0.png,same,classifier.5,0.08505845069885254
CM48_2.png,Cpict48_set1_0.png,same,classifier.5,0.09300601482391357
CM50_2.png,Cpic50_set1_0.png,same,classifier.5,0.05883955955505371
CM51_2.png,Cpic51_set1_0.png,same,classifier.5,0.029951393604278564
CM55_2.png,Cpic55_set1_0.png,same,classifier.5,0.10266250371932983
CM60_2.png,Cpict60_set1_0.png,same,classifier.5,0.02726060152053833
CM61_2.png,Cpict61_set1_0.png,same,classifier.5,0.049352407455444336
CM62_2.png,Cpict62_set1_0.png,same,classifier.5,0.062325119972229004
CM64_2.png,Cpict64_set1_0.png,same,classifier.5,0.057676851749420166
CM80_2.png,Cpict80_set1_0.png,same,classifier.5,0.0384102463722229
CM81_2.png,Cpict81_set1_0.png,same,classifier.5,0.030653178691864014
CM82_2.png,Cpic82_set1_0.png,same,classifier.5,0.039978981018066406
CM83_2.png,Cpict83_set1_0.png,same,classifier.5,0.052449047565460205
CM85_2.png,Cpic85_set1_0.png,same,classifier.5,0.08908349275588989
ak_ref.png,ba_ref.png,diff,classifier.5,0.10819453001022339
ba_ref.png,dd_ref.png,diff,classifier.5,0.11896049976348877
dd_ref.png,gc_ref.png,diff,classifier.5,0.12053179740905762
gc_ref.png,jb_ref.png,diff,classifier.5,0.13883507251739502
jb_ref.png,js_ref.png,diff,classifier.5,0.2771837115287781
js_ref.png,md_ref.png,diff,classifier.5,0.22212433815002441
md_ref.png,mz_ref.png,diff,classifier.5,0.13413786888122559
mz_ref.png,rn_ref.png,diff,classifier.5,0.2497084140777588
rn_ref.png,th_ref.png,diff,classifier.5,0.2193772792816162
th_ref.png,ak_ref.png,diff,classifier.5,0.13346922397613525
CM46_2.png,Cpict47_set1_0.png,diff,classifier.5,0.16350817680358887
CM47_2.png,Cpict48_set1_0.png,diff,classifier.5,0.14613544940948486
CM48_2.png,Cpic50_set1_0.png,diff,classifier.5,0.11909270286560059
CM50_2.png,Cpic51_set1_0.png,diff,classifier.5,0.049105942249298096
CM51_2.png,Cpic55_set1_0.png,diff,classifier.5,0.1268242597579956
CM55_2.png,Cpict60_set1_0.png,diff,classifier.5,0.1444191336631775
CM60_2.png,Cpict61_set1_0.png,diff,classifier.5,0.16660094261169434
CM61_2.png,Cpict62_set1_0.png,diff,classifier.5,0.17599105834960938
CM62_2.png,Cpict64_set1_0.png,diff,classifier.5,0.10987454652786255
CM64_2.png,Cpict80_set1_0.png,diff,classifier.5,0.12407541275024414
CM80_2.png,Cpict81_set1_0.png,diff,classifier.5,0.0679633617401123
CM81_2.png,Cpic82_set1_0.png,diff,classifier.5,0.15672504901885986
CM82_2.png,Cpict83_set1_0.png,diff,classifier.5,0.1687447428703308
CM83_2.png,Cpic85_set1_0.png,diff,classifier.5,0.0893627405166626
CM85_2.png,Cpict46_set1_0.png,diff,classifier.5,0.19885468482971191
