Unnamed: 0,img1,img2,distance,layer_name,model_computed_distance
0,E_F_galit_gutman.png,E_F_ilanit.png,4.230769231,classifier.5,0.2166042923927307
1,E_F_galit_gutman.png,E_F_ninet.png,5.076923077,classifier.5,0.29726505279541016
2,E_F_galit_gutman.png,E_F_rotem_sela.png,2.923076923,classifier.5,0.22198766469955444
3,E_F_galit_gutman.png,E_F_shiri.png,4.0,classifier.5,0.24095064401626587
4,E_F_galit_gutman.png,E_M_asi.png,4.846153846,classifier.5,0.3740781545639038
5,E_F_galit_gutman.png,E_M_danker.png,4.615384615,classifier.5,0.292530357837677
6,E_F_galit_gutman.png,E_M_ido.png,4.846153846,classifier.5,0.3692217469215393
7,E_F_galit_gutman.png,E_M_liorA.png,4.076923077,classifier.5,0.40974271297454834
8,E_F_galit_gutman.png,E_M_yuda.png,3.923076923,classifier.5,0.4546428918838501
9,E_F_galit_gutman.png,P_F_michaeli.png,4.153846154,classifier.5,0.37818479537963867
10,E_F_galit_gutman.png,P_F_regev.png,5.615384615,classifier.5,0.18757915496826172
11,E_F_galit_gutman.png,P_F_shaked.png,4.615384615,classifier.5,0.30990689992904663
12,E_F_galit_gutman.png,P_F_staiv.png,4.666666667,classifier.5,0.28112566471099854
13,E_F_galit_gutman.png,P_M_benet.png,5.153846154,classifier.5,0.40907585620880127
14,E_F_galit_gutman.png,P_M_buji.png,4.25,classifier.5,0.3678032159805298
15,E_F_galit_gutman.png,P_M_gantz.png,4.230769231,classifier.5,0.4143386483192444
16,E_F_galit_gutman.png,P_M_lapid.png,5.230769231,classifier.5,0.4181983470916748
17,E_F_galit_gutman.png,P_M_saar.png,4.916666667,classifier.5,0.33233392238616943
18,E_F_galit_gutman.png,P_M_smut.png,4.75,classifier.5,0.4220699071884155
19,E_F_ilanit.png,E_F_ninet.png,4.833333333,classifier.5,0.24350440502166748
20,E_F_ilanit.png,E_F_rotem_sela.png,4.692307692,classifier.5,0.18381130695343018
21,E_F_ilanit.png,E_F_shiri.png,3.153846154,classifier.5,0.22119814157485962
22,E_F_ilanit.png,E_M_asi.png,4.615384615,classifier.5,0.27060043811798096
23,E_F_ilanit.png,E_M_danker.png,5.076923077,classifier.5,0.2402632236480713
24,E_F_ilanit.png,E_M_ido.png,4.846153846,classifier.5,0.33158546686172485
25,E_F_ilanit.png,E_M_liorA.png,4.692307692,classifier.5,0.3277384042739868
26,E_F_ilanit.png,E_M_yuda.png,4.769230769,classifier.5,0.4151604175567627
27,E_F_ilanit.png,P_F_michaeli.png,5.25,classifier.5,0.32879889011383057
28,E_F_ilanit.png,P_F_regev.png,4.846153846,classifier.5,0.18836605548858643
29,E_F_ilanit.png,P_F_shaked.png,4.307692308,classifier.5,0.22213953733444214
30,E_F_ilanit.png,P_F_staiv.png,5.153846154,classifier.5,0.2621035575866699
31,E_F_ilanit.png,P_M_benet.png,5.0,classifier.5,0.35408514738082886
32,E_F_ilanit.png,P_M_buji.png,5.0,classifier.5,0.30246663093566895
33,E_F_ilanit.png,P_M_gantz.png,4.615384615,classifier.5,0.34402740001678467
34,E_F_ilanit.png,P_M_lapid.png,4.615384615,classifier.5,0.40448176860809326
35,E_F_ilanit.png,P_M_saar.png,5.083333333,classifier.5,0.23504924774169922
36,E_F_ilanit.png,P_M_smut.png,4.583333333,classifier.5,0.3731123208999634
37,E_F_ninet.png,E_F_rotem_sela.png,4.846153846,classifier.5,0.2653212547302246
38,E_F_ninet.png,E_F_shiri.png,4.076923077,classifier.5,0.4245016574859619
39,E_F_ninet.png,E_M_asi.png,4.076923077,classifier.5,0.28970909118652344
40,E_F_ninet.png,E_M_danker.png,3.769230769,classifier.5,0.20831680297851562
41,E_F_ninet.png,E_M_ido.png,4.538461538,classifier.5,0.24482452869415283
42,E_F_ninet.png,E_M_liorA.png,4.615384615,classifier.5,0.25395500659942627
43,E_F_ninet.png,E_M_yuda.png,4.846153846,classifier.5,0.3521001935005188
44,E_F_ninet.png,P_F_michaeli.png,3.846153846,classifier.5,0.2980000972747803
45,E_F_ninet.png,P_F_regev.png,3.230769231,classifier.5,0.21451187133789062
46,E_F_ninet.png,P_F_shaked.png,2.923076923,classifier.5,0.3214510679244995
47,E_F_ninet.png,P_F_staiv.png,4.923076923,classifier.5,0.2887836694717407
48,E_F_ninet.png,P_M_benet.png,4.692307692,classifier.5,0.36943602561950684
49,E_F_ninet.png,P_M_buji.png,5.0,classifier.5,0.3271583914756775
50,E_F_ninet.png,P_M_gantz.png,4.846153846,classifier.5,0.3282516598701477
51,E_F_ninet.png,P_M_lapid.png,4.307692308,classifier.5,0.3326989412307739
52,E_F_ninet.png,P_M_saar.png,4.083333333,classifier.5,0.2385285496711731
53,E_F_ninet.png,P_M_smut.png,4.909090909,classifier.5,0.36752355098724365
54,E_F_rotem_sela.png,E_F_shiri.png,3.384615385,classifier.5,0.20039606094360352
55,E_F_rotem_sela.png,E_M_asi.png,4.692307692,classifier.5,0.26975005865097046
56,E_F_rotem_sela.png,E_M_danker.png,4.692307692,classifier.5,0.2411770224571228
57,E_F_rotem_sela.png,E_M_ido.png,4.75,classifier.5,0.33212804794311523
58,E_F_rotem_sela.png,E_M_liorA.png,4.692307692,classifier.5,0.34609758853912354
59,E_F_rotem_sela.png,E_M_yuda.png,4.076923077,classifier.5,0.39988166093826294
60,E_F_rotem_sela.png,P_F_michaeli.png,4.307692308,classifier.5,0.2909433841705322
61,E_F_rotem_sela.png,P_F_regev.png,4.846153846,classifier.5,0.1754271388053894
62,E_F_rotem_sela.png,P_F_shaked.png,3.769230769,classifier.5,0.18379533290863037
63,E_F_rotem_sela.png,P_F_staiv.png,3.846153846,classifier.5,0.17432546615600586
64,E_F_rotem_sela.png,P_M_benet.png,4.769230769,classifier.5,0.31129151582717896
65,E_F_rotem_sela.png,P_M_buji.png,4.0,classifier.5,0.28715085983276367
66,E_F_rotem_sela.png,P_M_gantz.png,4.333333333,classifier.5,0.33775806427001953
67,E_F_rotem_sela.png,P_M_lapid.png,5.076923077,classifier.5,0.38826441764831543
68,E_F_rotem_sela.png,P_M_saar.png,4.75,classifier.5,0.2760084271430969
69,E_F_rotem_sela.png,P_M_smut.png,4.636363636,classifier.5,0.40055692195892334
70,E_F_shiri.png,E_M_asi.png,4.307692308,classifier.5,0.34172558784484863
71,E_F_shiri.png,E_M_danker.png,4.307692308,classifier.5,0.3484097719192505
72,E_F_shiri.png,E_M_ido.png,4.384615385,classifier.5,0.4297109842300415
73,E_F_shiri.png,E_M_liorA.png,4.692307692,classifier.5,0.43850529193878174
74,E_F_shiri.png,E_M_yuda.png,4.75,classifier.5,0.46803414821624756
75,E_F_shiri.png,P_F_michaeli.png,4.538461538,classifier.5,0.40051811933517456
76,E_F_shiri.png,P_F_regev.png,4.0,classifier.5,0.33249032497406006
77,E_F_shiri.png,P_F_shaked.png,4.0,classifier.5,0.20103144645690918
78,E_F_shiri.png,P_F_staiv.png,4.538461538,classifier.5,0.2645567059516907
79,E_F_shiri.png,P_M_benet.png,3.769230769,classifier.5,0.4326232075691223
80,E_F_shiri.png,P_M_buji.png,4.416666667,classifier.5,0.35481345653533936
81,E_F_shiri.png,P_M_gantz.png,4.461538462,classifier.5,0.4378492832183838
82,E_F_shiri.png,P_M_lapid.png,4.461538462,classifier.5,0.5301812887191772
83,E_F_shiri.png,P_M_saar.png,4.166666667,classifier.5,0.3905806541442871
84,E_F_shiri.png,P_M_smut.png,4.083333333,classifier.5,0.44020700454711914
85,E_M_asi.png,E_M_danker.png,3.692307692,classifier.5,0.09667015075683594
86,E_M_asi.png,E_M_ido.png,3.615384615,classifier.5,0.18052130937576294
87,E_M_asi.png,E_M_liorA.png,4.230769231,classifier.5,0.1947484016418457
88,E_M_asi.png,E_M_yuda.png,4.307692308,classifier.5,0.3017841577529907
89,E_M_asi.png,P_F_michaeli.png,4.0,classifier.5,0.09720110893249512
90,E_M_asi.png,P_F_regev.png,4.384615385,classifier.5,0.2827714681625366
91,E_M_asi.png,P_F_shaked.png,4.538461538,classifier.5,0.25943756103515625
92,E_M_asi.png,P_F_staiv.png,5.076923077,classifier.5,0.22178858518600464
93,E_M_asi.png,P_M_benet.png,4.846153846,classifier.5,0.2087465524673462
94,E_M_asi.png,P_M_buji.png,4.636363636,classifier.5,0.145105242729187
95,E_M_asi.png,P_M_gantz.png,4.769230769,classifier.5,0.16722798347473145
96,E_M_asi.png,P_M_lapid.png,4.615384615,classifier.5,0.3379855155944824
97,E_M_asi.png,P_M_saar.png,4.083333333,classifier.5,0.1294766664505005
98,E_M_asi.png,P_M_smut.png,4.636363636,classifier.5,0.25274085998535156
99,E_M_danker.png,E_M_ido.png,2.307692308,classifier.5,0.09628093242645264
100,E_M_danker.png,E_M_liorA.png,3.923076923,classifier.5,0.1209823489189148
101,E_M_danker.png,E_M_yuda.png,3.230769231,classifier.5,0.19613873958587646
102,E_M_danker.png,P_F_michaeli.png,3.769230769,classifier.5,0.09851497411727905
103,E_M_danker.png,P_F_regev.png,4.230769231,classifier.5,0.2044053077697754
104,E_M_danker.png,P_F_shaked.png,4.230769231,classifier.5,0.3116631507873535
105,E_M_danker.png,P_F_staiv.png,5.153846154,classifier.5,0.207342267036438
106,E_M_danker.png,P_M_benet.png,4.692307692,classifier.5,0.1423742175102234
107,E_M_danker.png,P_M_buji.png,4.916666667,classifier.5,0.0858871340751648
108,E_M_danker.png,P_M_gantz.png,5.076923077,classifier.5,0.10638988018035889
109,E_M_danker.png,P_M_lapid.png,4.230769231,classifier.5,0.2240138053894043
110,E_M_danker.png,P_M_saar.png,4.083333333,classifier.5,0.06879723072052002
111,E_M_danker.png,P_M_smut.png,2.833333333,classifier.5,0.16074734926223755
112,E_M_ido.png,E_M_liorA.png,4.153846154,classifier.5,0.11655044555664062
113,E_M_ido.png,E_M_yuda.png,3.307692308,classifier.5,0.16737794876098633
114,E_M_ido.png,P_F_michaeli.png,4.384615385,classifier.5,0.1884511113166809
115,E_M_ido.png,P_F_regev.png,4.923076923,classifier.5,0.278378963470459
116,E_M_ido.png,P_F_shaked.png,4.461538462,classifier.5,0.4083341360092163
117,E_M_ido.png,P_F_staiv.png,5.153846154,classifier.5,0.26163434982299805
118,E_M_ido.png,P_M_benet.png,4.461538462,classifier.5,0.21239781379699707
119,E_M_ido.png,P_M_buji.png,4.727272727,classifier.5,0.12549132108688354
120,E_M_ido.png,P_M_gantz.png,4.538461538,classifier.5,0.12659156322479248
121,E_M_ido.png,P_M_lapid.png,4.307692308,classifier.5,0.2237948179244995
122,E_M_ido.png,P_M_saar.png,4.25,classifier.5,0.12190282344818115
123,E_M_ido.png,P_M_smut.png,4.0,classifier.5,0.14400804042816162
124,E_M_liorA.png,E_M_yuda.png,2.923076923,classifier.5,0.1771451234817505
125,E_M_liorA.png,P_F_michaeli.png,5.0,classifier.5,0.19918370246887207
126,E_M_liorA.png,P_F_regev.png,5.0,classifier.5,0.31269997358322144
127,E_M_liorA.png,P_F_shaked.png,5.0,classifier.5,0.3987473249435425
128,E_M_liorA.png,P_F_staiv.png,4.769230769,classifier.5,0.2758435010910034
129,E_M_liorA.png,P_M_benet.png,4.923076923,classifier.5,0.20699208974838257
130,E_M_liorA.png,P_M_buji.png,4.0,classifier.5,0.13998383283615112
131,E_M_liorA.png,P_M_gantz.png,3.153846154,classifier.5,0.15101182460784912
132,E_M_liorA.png,P_M_lapid.png,3.0,classifier.5,0.23929810523986816
133,E_M_liorA.png,P_M_saar.png,4.0,classifier.5,0.1414797306060791
134,E_M_liorA.png,P_M_smut.png,4.75,classifier.5,0.21737539768218994
135,E_M_yuda.png,P_F_michaeli.png,4.923076923,classifier.5,0.2779853343963623
136,E_M_yuda.png,P_F_regev.png,5.0,classifier.5,0.3692941665649414
137,E_M_yuda.png,P_F_shaked.png,3.615384615,classifier.5,0.5016483068466187
138,E_M_yuda.png,P_F_staiv.png,4.846153846,classifier.5,0.3427969217300415
139,E_M_yuda.png,P_M_benet.png,5.153846154,classifier.5,0.25792229175567627
140,E_M_yuda.png,P_M_buji.png,3.75,classifier.5,0.1995699405670166
141,E_M_yuda.png,P_M_gantz.png,4.307692308,classifier.5,0.24293315410614014
142,E_M_yuda.png,P_M_lapid.png,3.846153846,classifier.5,0.2463080883026123
143,E_M_yuda.png,P_M_saar.png,4.5,classifier.5,0.23864400386810303
144,E_M_yuda.png,P_M_smut.png,3.583333333,classifier.5,0.21227121353149414
145,P_F_michaeli.png,P_F_regev.png,4.0,classifier.5,0.26846230030059814
146,P_F_michaeli.png,P_F_shaked.png,3.692307692,classifier.5,0.3451880216598511
147,P_F_michaeli.png,P_F_staiv.png,4.692307692,classifier.5,0.24280917644500732
148,P_F_michaeli.png,P_M_benet.png,4.615384615,classifier.5,0.10590815544128418
149,P_F_michaeli.png,P_M_buji.png,4.75,classifier.5,0.130257248878479
150,P_F_michaeli.png,P_M_gantz.png,5.230769231,classifier.5,0.15500736236572266
151,P_F_michaeli.png,P_M_lapid.png,5.461538462,classifier.5,0.2763737440109253
152,P_F_michaeli.png,P_M_saar.png,4.083333333,classifier.5,0.11379456520080566
153,P_F_michaeli.png,P_M_smut.png,4.166666667,classifier.5,0.2157686948776245
154,P_F_regev.png,P_F_shaked.png,2.846153846,classifier.5,0.25743305683135986
155,P_F_regev.png,P_F_staiv.png,4.0,classifier.5,0.20943313837051392
156,P_F_regev.png,P_M_benet.png,4.923076923,classifier.5,0.2973647117614746
157,P_F_regev.png,P_M_buji.png,4.833333333,classifier.5,0.2834829092025757
158,P_F_regev.png,P_M_gantz.png,5.692307692,classifier.5,0.3003994822502136
159,P_F_regev.png,P_M_lapid.png,4.538461538,classifier.5,0.31400787830352783
160,P_F_regev.png,P_M_saar.png,4.916666667,classifier.5,0.2255231738090515
161,P_F_regev.png,P_M_smut.png,4.583333333,classifier.5,0.35695886611938477
162,P_F_shaked.png,P_F_staiv.png,3.615384615,classifier.5,0.20088744163513184
163,P_F_shaked.png,P_M_benet.png,3.923076923,classifier.5,0.4174891710281372
164,P_F_shaked.png,P_M_buji.png,4.166666667,classifier.5,0.3655018210411072
165,P_F_shaked.png,P_M_gantz.png,4.692307692,classifier.5,0.4424184560775757
166,P_F_shaked.png,P_M_lapid.png,5.384615385,classifier.5,0.5278453826904297
167,P_F_shaked.png,P_M_saar.png,4.166666667,classifier.5,0.3628880977630615
168,P_F_shaked.png,P_M_smut.png,4.0,classifier.5,0.47705602645874023
169,P_F_staiv.png,P_M_benet.png,4.384615385,classifier.5,0.28673648834228516
170,P_F_staiv.png,P_M_buji.png,3.833333333,classifier.5,0.2710050344467163
171,P_F_staiv.png,P_M_gantz.png,4.153846154,classifier.5,0.30309826135635376
172,P_F_staiv.png,P_M_lapid.png,5.307692308,classifier.5,0.3403853178024292
173,P_F_staiv.png,P_M_saar.png,4.666666667,classifier.5,0.24125969409942627
174,P_F_staiv.png,P_M_smut.png,4.416666667,classifier.5,0.3242061138153076
175,P_M_benet.png,P_M_buji.png,4.166666667,classifier.5,0.12405514717102051
176,P_M_benet.png,P_M_gantz.png,4.846153846,classifier.5,0.16830450296401978
177,P_M_benet.png,P_M_lapid.png,4.692307692,classifier.5,0.23311656713485718
178,P_M_benet.png,P_M_saar.png,4.363636364,classifier.5,0.12984544038772583
179,P_M_benet.png,P_M_smut.png,4.0,classifier.5,0.22809618711471558
180,P_M_buji.png,P_M_gantz.png,3.666666667,classifier.5,0.08448374271392822
181,P_M_buji.png,P_M_lapid.png,4.416666667,classifier.5,0.2746018171310425
182,P_M_buji.png,P_M_saar.png,3.5,classifier.5,0.08792674541473389
183,P_M_buji.png,P_M_smut.png,3.833333333,classifier.5,0.15235090255737305
184,P_M_gantz.png,P_M_lapid.png,4.615384615,classifier.5,0.2535082697868347
185,P_M_gantz.png,P_M_saar.png,5.166666667,classifier.5,0.08290475606918335
186,P_M_gantz.png,P_M_smut.png,4.916666667,classifier.5,0.17471367120742798
187,P_M_lapid.png,P_M_saar.png,4.5,classifier.5,0.19907784461975098
188,P_M_lapid.png,P_M_smut.png,4.083333333,classifier.5,0.27647221088409424
189,P_M_saar.png,P_M_smut.png,4.666666667,classifier.5,0.1871657371520996
