img1,img2,distance,layer_name,model_computed_distance
E_F_angelina_jolie.jpg,E_F_jennifer_aniston.jpg,3.625,classifier.5,0.30155086517333984
E_F_angelina_jolie.jpg,E_F_Judi_Dench.jpg,4.25,classifier.5,0.14083558320999146
E_F_angelina_jolie.jpg,E_F_Kate_Winslet.jpg,3.75,classifier.5,0.2498708963394165
E_F_angelina_jolie.jpg,E_F_keira_knightley.jpg,1.5,classifier.5,0.21250802278518677
E_F_angelina_jolie.jpg,E_F_sandra_bullock.jpg,2.25,classifier.5,0.208257794380188
E_F_angelina_jolie.jpg,E_M_Hugh_Grant.jpg,4.75,classifier.5,0.20761841535568237
E_F_angelina_jolie.jpg,E_M_michael_caine.jpg,5.875,classifier.5,0.18924570083618164
E_F_angelina_jolie.jpg,E_M_nicolas_cage.jpg,5.125,classifier.5,0.21391820907592773
E_F_angelina_jolie.jpg,E_M_robert_de_niro.jpg,6.0,classifier.5,0.24314361810684204
E_F_angelina_jolie.jpg,E_M_tom_hankes.jpg,5.125,classifier.5,0.16300761699676514
E_F_angelina_jolie.jpg,P_F_hillary_clinton.jpg,4.125,classifier.5,0.17842328548431396
E_F_angelina_jolie.jpg,P_F_nicola_sturgeon.jpg,4.25,classifier.5,0.2690911889076233
E_F_angelina_jolie.jpg,P_F_theresy_may.jpg,5.75,classifier.5,0.1966991424560547
E_F_angelina_jolie.jpg,P_M_bill_clinton.jpg,5.25,classifier.5,0.2842996120452881
E_F_angelina_jolie.jpg,P_M_boris_johnson.jpg,5.25,classifier.5,0.2647084593772888
E_F_angelina_jolie.jpg,P_M_david_cameron.jpg,5.25,classifier.5,0.32475900650024414
E_F_angelina_jolie.jpg,P_M_donald_trump.jpg,5.75,classifier.5,0.21569478511810303
E_F_angelina_jolie.jpg,P_M_george_Wbush.jpg,5.0,classifier.5,0.1578989028930664
E_F_angelina_jolie.jpg,P_M_Tony_Blair.jpg,4.625,classifier.5,0.19008219242095947
E_F_jennifer_aniston.jpg,E_F_Judi_Dench.jpg,3.875,classifier.5,0.32445472478866577
E_F_jennifer_aniston.jpg,E_F_Kate_Winslet.jpg,3.0,classifier.5,0.30522364377975464
E_F_jennifer_aniston.jpg,E_F_keira_knightley.jpg,3.0,classifier.5,0.17004090547561646
E_F_jennifer_aniston.jpg,E_F_sandra_bullock.jpg,2.875,classifier.5,0.28476977348327637
E_F_jennifer_aniston.jpg,E_M_Hugh_Grant.jpg,4.375,classifier.5,0.3212367296218872
E_F_jennifer_aniston.jpg,E_M_michael_caine.jpg,4.75,classifier.5,0.420177161693573
E_F_jennifer_aniston.jpg,E_M_nicolas_cage.jpg,5.625,classifier.5,0.3276821970939636
E_F_jennifer_aniston.jpg,E_M_robert_de_niro.jpg,5.625,classifier.5,0.35128355026245117
E_F_jennifer_aniston.jpg,E_M_tom_hankes.jpg,5.125,classifier.5,0.37664681673049927
E_F_jennifer_aniston.jpg,P_F_hillary_clinton.jpg,3.125,classifier.5,0.19777905941009521
E_F_jennifer_aniston.jpg,P_F_nicola_sturgeon.jpg,4.25,classifier.5,0.20864415168762207
E_F_jennifer_aniston.jpg,P_F_theresy_may.jpg,4.25,classifier.5,0.3479001522064209
E_F_jennifer_aniston.jpg,P_M_bill_clinton.jpg,5.375,classifier.5,0.3832535743713379
E_F_jennifer_aniston.jpg,P_M_boris_johnson.jpg,4.375,classifier.5,0.3181639313697815
E_F_jennifer_aniston.jpg,P_M_david_cameron.jpg,5.625,classifier.5,0.4884534478187561
E_F_jennifer_aniston.jpg,P_M_donald_trump.jpg,5.5,classifier.5,0.40561848878860474
E_F_jennifer_aniston.jpg,P_M_george_Wbush.jpg,4.875,classifier.5,0.31851398944854736
E_F_jennifer_aniston.jpg,P_M_Tony_Blair.jpg,5.25,classifier.5,0.35129356384277344
E_F_Judi_Dench.jpg,E_F_Kate_Winslet.jpg,4.625,classifier.5,0.2463739514350891
E_F_Judi_Dench.jpg,E_F_keira_knightley.jpg,5.375,classifier.5,0.3010075092315674
E_F_Judi_Dench.jpg,E_F_sandra_bullock.jpg,5.5,classifier.5,0.31721335649490356
E_F_Judi_Dench.jpg,E_M_Hugh_Grant.jpg,4.625,classifier.5,0.17674732208251953
E_F_Judi_Dench.jpg,E_M_michael_caine.jpg,4.375,classifier.5,0.1604861617088318
E_F_Judi_Dench.jpg,E_M_nicolas_cage.jpg,5.5,classifier.5,0.259355366230011
E_F_Judi_Dench.jpg,E_M_robert_de_niro.jpg,5.125,classifier.5,0.2861618995666504
E_F_Judi_Dench.jpg,E_M_tom_hankes.jpg,3.875,classifier.5,0.1632007360458374
E_F_Judi_Dench.jpg,P_F_hillary_clinton.jpg,3.5,classifier.5,0.16430258750915527
E_F_Judi_Dench.jpg,P_F_nicola_sturgeon.jpg,4.25,classifier.5,0.2841644287109375
E_F_Judi_Dench.jpg,P_F_theresy_may.jpg,3.625,classifier.5,0.188521146774292
E_F_Judi_Dench.jpg,P_M_bill_clinton.jpg,4.75,classifier.5,0.2305927276611328
E_F_Judi_Dench.jpg,P_M_boris_johnson.jpg,4.875,classifier.5,0.2155221700668335
E_F_Judi_Dench.jpg,P_M_david_cameron.jpg,4.625,classifier.5,0.2648237347602844
E_F_Judi_Dench.jpg,P_M_donald_trump.jpg,5.875,classifier.5,0.17938780784606934
E_F_Judi_Dench.jpg,P_M_george_Wbush.jpg,4.5,classifier.5,0.18251442909240723
E_F_Judi_Dench.jpg,P_M_Tony_Blair.jpg,4.125,classifier.5,0.24355626106262207
E_F_Kate_Winslet.jpg,E_F_keira_knightley.jpg,2.0,classifier.5,0.23434627056121826
E_F_Kate_Winslet.jpg,E_F_sandra_bullock.jpg,2.0,classifier.5,0.258622407913208
E_F_Kate_Winslet.jpg,E_M_Hugh_Grant.jpg,4.125,classifier.5,0.3769875764846802
E_F_Kate_Winslet.jpg,E_M_michael_caine.jpg,5.875,classifier.5,0.3835197687149048
E_F_Kate_Winslet.jpg,E_M_nicolas_cage.jpg,5.875,classifier.5,0.3527902364730835
E_F_Kate_Winslet.jpg,E_M_robert_de_niro.jpg,5.625,classifier.5,0.4271092414855957
E_F_Kate_Winslet.jpg,E_M_tom_hankes.jpg,5.375,classifier.5,0.2854245901107788
E_F_Kate_Winslet.jpg,P_F_hillary_clinton.jpg,3.5,classifier.5,0.1932629942893982
E_F_Kate_Winslet.jpg,P_F_nicola_sturgeon.jpg,4.375,classifier.5,0.3921293616294861
E_F_Kate_Winslet.jpg,P_F_theresy_may.jpg,5.125,classifier.5,0.34100741147994995
E_F_Kate_Winslet.jpg,P_M_bill_clinton.jpg,5.0,classifier.5,0.4690812826156616
E_F_Kate_Winslet.jpg,P_M_boris_johnson.jpg,4.75,classifier.5,0.33161604404449463
E_F_Kate_Winslet.jpg,P_M_david_cameron.jpg,5.0,classifier.5,0.31347203254699707
E_F_Kate_Winslet.jpg,P_M_donald_trump.jpg,5.625,classifier.5,0.3774009346961975
E_F_Kate_Winslet.jpg,P_M_george_Wbush.jpg,5.5,classifier.5,0.3788127303123474
E_F_Kate_Winslet.jpg,P_M_Tony_Blair.jpg,5.125,classifier.5,0.3950084447860718
E_F_keira_knightley.jpg,E_F_sandra_bullock.jpg,1.625,classifier.5,0.2184842824935913
E_F_keira_knightley.jpg,E_M_Hugh_Grant.jpg,3.625,classifier.5,0.33265817165374756
E_F_keira_knightley.jpg,E_M_michael_caine.jpg,5.875,classifier.5,0.3672875165939331
E_F_keira_knightley.jpg,E_M_nicolas_cage.jpg,5.625,classifier.5,0.2806326150894165
E_F_keira_knightley.jpg,E_M_robert_de_niro.jpg,5.75,classifier.5,0.3425791263580322
E_F_keira_knightley.jpg,E_M_tom_hankes.jpg,5.75,classifier.5,0.3082055449485779
E_F_keira_knightley.jpg,P_F_hillary_clinton.jpg,5.125,classifier.5,0.21983081102371216
E_F_keira_knightley.jpg,P_F_nicola_sturgeon.jpg,4.625,classifier.5,0.31194251775741577
E_F_keira_knightley.jpg,P_F_theresy_may.jpg,5.375,classifier.5,0.3096812963485718
E_F_keira_knightley.jpg,P_M_bill_clinton.jpg,5.125,classifier.5,0.38981449604034424
E_F_keira_knightley.jpg,P_M_boris_johnson.jpg,5.625,classifier.5,0.35499095916748047
E_F_keira_knightley.jpg,P_M_david_cameron.jpg,4.5,classifier.5,0.43421316146850586
E_F_keira_knightley.jpg,P_M_donald_trump.jpg,6.0,classifier.5,0.3828010559082031
E_F_keira_knightley.jpg,P_M_george_Wbush.jpg,5.125,classifier.5,0.2997763156890869
E_F_keira_knightley.jpg,P_M_Tony_Blair.jpg,5.5,classifier.5,0.31861162185668945
E_F_sandra_bullock.jpg,E_M_Hugh_Grant.jpg,4.375,classifier.5,0.3727878928184509
E_F_sandra_bullock.jpg,E_M_michael_caine.jpg,5.5,classifier.5,0.3525592088699341
E_F_sandra_bullock.jpg,E_M_nicolas_cage.jpg,5.25,classifier.5,0.2935870289802551
E_F_sandra_bullock.jpg,E_M_robert_de_niro.jpg,5.25,classifier.5,0.33255016803741455
E_F_sandra_bullock.jpg,E_M_tom_hankes.jpg,5.625,classifier.5,0.2622380256652832
E_F_sandra_bullock.jpg,P_F_hillary_clinton.jpg,4.875,classifier.5,0.2588055729866028
E_F_sandra_bullock.jpg,P_F_nicola_sturgeon.jpg,4.375,classifier.5,0.36631011962890625
E_F_sandra_bullock.jpg,P_F_theresy_may.jpg,5.125,classifier.5,0.31713050603866577
E_F_sandra_bullock.jpg,P_M_bill_clinton.jpg,5.25,classifier.5,0.41540950536727905
E_F_sandra_bullock.jpg,P_M_boris_johnson.jpg,5.75,classifier.5,0.3709084987640381
E_F_sandra_bullock.jpg,P_M_david_cameron.jpg,4.875,classifier.5,0.3810570240020752
E_F_sandra_bullock.jpg,P_M_donald_trump.jpg,5.75,classifier.5,0.35841572284698486
E_F_sandra_bullock.jpg,P_M_george_Wbush.jpg,5.25,classifier.5,0.3556973934173584
E_F_sandra_bullock.jpg,P_M_Tony_Blair.jpg,5.5,classifier.5,0.299808144569397
E_M_Hugh_Grant.jpg,E_M_michael_caine.jpg,4.625,classifier.5,0.1268242597579956
E_M_Hugh_Grant.jpg,E_M_nicolas_cage.jpg,4.625,classifier.5,0.1972174048423767
E_M_Hugh_Grant.jpg,E_M_robert_de_niro.jpg,4.625,classifier.5,0.21011167764663696
E_M_Hugh_Grant.jpg,E_M_tom_hankes.jpg,4.375,classifier.5,0.1880871057510376
E_M_Hugh_Grant.jpg,P_F_hillary_clinton.jpg,4.75,classifier.5,0.2440468668937683
E_M_Hugh_Grant.jpg,P_F_nicola_sturgeon.jpg,4.5,classifier.5,0.24111300706863403
E_M_Hugh_Grant.jpg,P_F_theresy_may.jpg,5.5,classifier.5,0.24468547105789185
E_M_Hugh_Grant.jpg,P_M_bill_clinton.jpg,3.375,classifier.5,0.15978622436523438
E_M_Hugh_Grant.jpg,P_M_boris_johnson.jpg,5.125,classifier.5,0.22400784492492676
E_M_Hugh_Grant.jpg,P_M_david_cameron.jpg,3.375,classifier.5,0.3205270767211914
E_M_Hugh_Grant.jpg,P_M_donald_trump.jpg,5.5,classifier.5,0.14564526081085205
E_M_Hugh_Grant.jpg,P_M_george_Wbush.jpg,4.75,classifier.5,0.12162870168685913
E_M_Hugh_Grant.jpg,P_M_Tony_Blair.jpg,5.0,classifier.5,0.16727423667907715
E_M_michael_caine.jpg,E_M_nicolas_cage.jpg,4.5,classifier.5,0.1854623556137085
E_M_michael_caine.jpg,E_M_robert_de_niro.jpg,3.375,classifier.5,0.20840370655059814
E_M_michael_caine.jpg,E_M_tom_hankes.jpg,3.625,classifier.5,0.1591733694076538
E_M_michael_caine.jpg,P_F_hillary_clinton.jpg,4.375,classifier.5,0.28629767894744873
E_M_michael_caine.jpg,P_F_nicola_sturgeon.jpg,5.25,classifier.5,0.3402585983276367
E_M_michael_caine.jpg,P_F_theresy_may.jpg,5.125,classifier.5,0.18595874309539795
E_M_michael_caine.jpg,P_M_bill_clinton.jpg,3.875,classifier.5,0.18357759714126587
E_M_michael_caine.jpg,P_M_boris_johnson.jpg,3.0,classifier.5,0.19203436374664307
E_M_michael_caine.jpg,P_M_david_cameron.jpg,3.75,classifier.5,0.2739105820655823
E_M_michael_caine.jpg,P_M_donald_trump.jpg,4.25,classifier.5,0.09137243032455444
E_M_michael_caine.jpg,P_M_george_Wbush.jpg,3.5,classifier.5,0.12104368209838867
E_M_michael_caine.jpg,P_M_Tony_Blair.jpg,2.625,classifier.5,0.15447330474853516
E_M_nicolas_cage.jpg,E_M_robert_de_niro.jpg,2.875,classifier.5,0.20173168182373047
E_M_nicolas_cage.jpg,E_M_tom_hankes.jpg,4.75,classifier.5,0.12044847011566162
E_M_nicolas_cage.jpg,P_F_hillary_clinton.jpg,5.75,classifier.5,0.2893202304840088
E_M_nicolas_cage.jpg,P_F_nicola_sturgeon.jpg,5.125,classifier.5,0.32649385929107666
E_M_nicolas_cage.jpg,P_F_theresy_may.jpg,5.25,classifier.5,0.24639827013015747
E_M_nicolas_cage.jpg,P_M_bill_clinton.jpg,4.25,classifier.5,0.20837467908859253
E_M_nicolas_cage.jpg,P_M_boris_johnson.jpg,5.625,classifier.5,0.2897820472717285
E_M_nicolas_cage.jpg,P_M_david_cameron.jpg,4.375,classifier.5,0.3084404468536377
E_M_nicolas_cage.jpg,P_M_donald_trump.jpg,5.375,classifier.5,0.19132709503173828
E_M_nicolas_cage.jpg,P_M_george_Wbush.jpg,3.75,classifier.5,0.17993873357772827
E_M_nicolas_cage.jpg,P_M_Tony_Blair.jpg,4.125,classifier.5,0.21780890226364136
E_M_robert_de_niro.jpg,E_M_tom_hankes.jpg,3.5,classifier.5,0.22387421131134033
E_M_robert_de_niro.jpg,P_F_hillary_clinton.jpg,5.0,classifier.5,0.3320434093475342
E_M_robert_de_niro.jpg,P_F_nicola_sturgeon.jpg,5.75,classifier.5,0.24181395769119263
E_M_robert_de_niro.jpg,P_F_theresy_may.jpg,5.625,classifier.5,0.2913094758987427
E_M_robert_de_niro.jpg,P_M_bill_clinton.jpg,4.0,classifier.5,0.16497623920440674
E_M_robert_de_niro.jpg,P_M_boris_johnson.jpg,4.75,classifier.5,0.2484879493713379
E_M_robert_de_niro.jpg,P_M_david_cameron.jpg,4.5,classifier.5,0.30341029167175293
E_M_robert_de_niro.jpg,P_M_donald_trump.jpg,4.375,classifier.5,0.1670135259628296
E_M_robert_de_niro.jpg,P_M_george_Wbush.jpg,3.75,classifier.5,0.19792771339416504
E_M_robert_de_niro.jpg,P_M_Tony_Blair.jpg,3.625,classifier.5,0.0953972339630127
E_M_tom_hankes.jpg,P_F_hillary_clinton.jpg,4.875,classifier.5,0.25428885221481323
E_M_tom_hankes.jpg,P_F_nicola_sturgeon.jpg,5.125,classifier.5,0.34041059017181396
E_M_tom_hankes.jpg,P_F_theresy_may.jpg,5.125,classifier.5,0.23267114162445068
E_M_tom_hankes.jpg,P_M_bill_clinton.jpg,3.5,classifier.5,0.23025834560394287
E_M_tom_hankes.jpg,P_M_boris_johnson.jpg,4.5,classifier.5,0.2877330780029297
E_M_tom_hankes.jpg,P_M_david_cameron.jpg,3.375,classifier.5,0.25647789239883423
E_M_tom_hankes.jpg,P_M_donald_trump.jpg,4.0,classifier.5,0.15378785133361816
E_M_tom_hankes.jpg,P_M_george_Wbush.jpg,2.625,classifier.5,0.17202019691467285
E_M_tom_hankes.jpg,P_M_Tony_Blair.jpg,3.625,classifier.5,0.18265169858932495
P_F_hillary_clinton.jpg,P_F_nicola_sturgeon.jpg,2.125,classifier.5,0.21057111024856567
P_F_hillary_clinton.jpg,P_F_theresy_may.jpg,2.75,classifier.5,0.2316819429397583
P_F_hillary_clinton.jpg,P_M_bill_clinton.jpg,4.125,classifier.5,0.34902775287628174
P_F_hillary_clinton.jpg,P_M_boris_johnson.jpg,3.625,classifier.5,0.21501922607421875
P_F_hillary_clinton.jpg,P_M_david_cameron.jpg,4.25,classifier.5,0.36278581619262695
P_F_hillary_clinton.jpg,P_M_donald_trump.jpg,4.375,classifier.5,0.29821425676345825
P_F_hillary_clinton.jpg,P_M_george_Wbush.jpg,4.25,classifier.5,0.24800968170166016
P_F_hillary_clinton.jpg,P_M_Tony_Blair.jpg,4.125,classifier.5,0.29952895641326904
P_F_nicola_sturgeon.jpg,P_F_theresy_may.jpg,2.125,classifier.5,0.28357207775115967
P_F_nicola_sturgeon.jpg,P_M_bill_clinton.jpg,4.875,classifier.5,0.2826669216156006
P_F_nicola_sturgeon.jpg,P_M_boris_johnson.jpg,5.125,classifier.5,0.2682323455810547
P_F_nicola_sturgeon.jpg,P_M_david_cameron.jpg,4.625,classifier.5,0.4554486870765686
P_F_nicola_sturgeon.jpg,P_M_donald_trump.jpg,4.0,classifier.5,0.3094233274459839
P_F_nicola_sturgeon.jpg,P_M_george_Wbush.jpg,4.75,classifier.5,0.24841231107711792
P_F_nicola_sturgeon.jpg,P_M_Tony_Blair.jpg,4.375,classifier.5,0.24846631288528442
P_F_theresy_may.jpg,P_M_bill_clinton.jpg,4.375,classifier.5,0.2575479745864868
P_F_theresy_may.jpg,P_M_boris_johnson.jpg,4.375,classifier.5,0.22662264108657837
P_F_theresy_may.jpg,P_M_david_cameron.jpg,4.75,classifier.5,0.3696185350418091
P_F_theresy_may.jpg,P_M_donald_trump.jpg,5.375,classifier.5,0.2005976438522339
P_F_theresy_may.jpg,P_M_george_Wbush.jpg,4.625,classifier.5,0.22686386108398438
P_F_theresy_may.jpg,P_M_Tony_Blair.jpg,3.5,classifier.5,0.2700156569480896
P_M_bill_clinton.jpg,P_M_boris_johnson.jpg,4.125,classifier.5,0.24434053897857666
P_M_bill_clinton.jpg,P_M_david_cameron.jpg,2.375,classifier.5,0.3452860116958618
P_M_bill_clinton.jpg,P_M_donald_trump.jpg,4.625,classifier.5,0.13783907890319824
P_M_bill_clinton.jpg,P_M_george_Wbush.jpg,3.5,classifier.5,0.17352080345153809
P_M_bill_clinton.jpg,P_M_Tony_Blair.jpg,3.75,classifier.5,0.20610588788986206
P_M_boris_johnson.jpg,P_M_david_cameron.jpg,4.125,classifier.5,0.34083378314971924
P_M_boris_johnson.jpg,P_M_donald_trump.jpg,2.625,classifier.5,0.17143088579177856
P_M_boris_johnson.jpg,P_M_george_Wbush.jpg,4.125,classifier.5,0.2107190489768982
P_M_boris_johnson.jpg,P_M_Tony_Blair.jpg,3.25,classifier.5,0.24722731113433838
P_M_david_cameron.jpg,P_M_donald_trump.jpg,5.25,classifier.5,0.27095019817352295
P_M_david_cameron.jpg,P_M_george_Wbush.jpg,3.25,classifier.5,0.34184056520462036
P_M_david_cameron.jpg,P_M_Tony_Blair.jpg,3.625,classifier.5,0.30001676082611084
P_M_donald_trump.jpg,P_M_george_Wbush.jpg,3.375,classifier.5,0.12778890132904053
P_M_donald_trump.jpg,P_M_Tony_Blair.jpg,4.25,classifier.5,0.1458835005760193
P_M_george_Wbush.jpg,P_M_Tony_Blair.jpg,3.0,classifier.5,0.13283586502075195
