Unnamed: 0,img1,img2,same,layer_name,model_computed_distance
1,Aaron_Guiel_0001.jpg,Pascal_Rheaume_0001.jpg,0,classifier.5,0.3522592782974243
2,Ahmed_Qureia_0001.jpg,Stanley_McChrystal_0003.jpg,0,classifier.5,0.3469076156616211
3,Ai_Sugiyama_0004.jpg,Ai_Sugiyama_0005.jpg,1,classifier.5,0.41178929805755615
4,Aishwarya_Rai_0001.jpg,Dinah_Turner_0001.jpg,0,classifier.5,0.4586823582649231
5,Al_Pacino_0001.jpg,Al_Pacino_0002.jpg,1,classifier.5,0.3605839014053345
6,Al_Sharpton_0002.jpg,Al_Sharpton_0004.jpg,1,classifier.5,0.20620310306549072
7,Alan_Ball_0001.jpg,Alan_Ball_0002.jpg,1,classifier.5,0.09040892124176025
8,Alastair_Campbell_0002.jpg,Alastair_Campbell_0004.jpg,1,classifier.5,0.3673099875450134
9,Alisha_Richman_0001.jpg,Katerina_Smrzova_0001.jpg,0,classifier.5,0.5258035659790039
10,Allan_Houston_0001.jpg,Andy_Garcia_0001.jpg,0,classifier.5,0.3204917907714844
11,Ally_Sheedy_0001.jpg,Myung_Yang_0001.jpg,0,classifier.5,0.4274625778198242
12,Alvaro_Silva_Calderon_0001.jpg,Alvaro_Silva_Calderon_0002.jpg,1,classifier.5,0.16756808757781982
13,Amanda_Bynes_0002.jpg,Amanda_Bynes_0003.jpg,1,classifier.5,0.4259876608848572
14,Amanda_Coetzer_0001.jpg,Amanda_Coetzer_0002.jpg,1,classifier.5,0.38256239891052246
15,Amelia_Vega_0001.jpg,Gina_Lollobrigida_0001.jpg,0,classifier.5,0.4393347501754761
16,Amelie_Mauresmo_0011.jpg,Amelie_Mauresmo_0017.jpg,1,classifier.5,0.3716801404953003
17,Andrea_Bocelli_0001.jpg,Natalya_Sazanovich_0001.jpg,0,classifier.5,0.2852569818496704
18,Andrea_Kiser_0001.jpg,Ellen_Barkin_0001.jpg,0,classifier.5,0.24109721183776855
19,Andy_Warhol_0001.jpg,Paul-Henri_Mathieu_0002.jpg,0,classifier.5,0.37804853916168213
20,Angela_Merkel_0003.jpg,Anna_Jones_0001.jpg,0,classifier.5,0.44877898693084717
21,Anita_DeFrantz_0001.jpg,Carla_Gay_Balingit_0001.jpg,0,classifier.5,0.20551031827926636
22,Anja_Paerson_0001.jpg,Ruth_Pearce_0001.jpg,0,classifier.5,0.7044321298599243
23,Anne_Heche_0001.jpg,Sasha_Alexander_0001.jpg,0,classifier.5,0.32868242263793945
24,Anne_ONeil_0001.jpg,Sophie_0001.jpg,0,classifier.5,0.4102652072906494
25,Anthony_Corso_0001.jpg,Ray_Allen_0003.jpg,0,classifier.5,0.4691396951675415
26,Anthony_Hopkins_0002.jpg,Orlando_Bloom_0001.jpg,0,classifier.5,0.4210752248764038
27,Antonio_Palocci_0005.jpg,Jose_Woldenberg_0001.jpg,0,classifier.5,0.22282665967941284
28,Arnoldo_Aleman_0003.jpg,Arnoldo_Aleman_0005.jpg,1,classifier.5,0.21605312824249268
29,Arye_Mekel_0001.jpg,Arye_Mekel_0002.jpg,1,classifier.5,0.31443870067596436
30,Ascencion_Barajas_0001.jpg,Chris_Hernandez_0001.jpg,0,classifier.5,0.46209317445755005
31,Ashley_Judd_0001.jpg,Joan_Jett_0001.jpg,0,classifier.5,0.6163234114646912
32,Ashley_Postell_0001.jpg,Casy_Preslar_0001.jpg,0,classifier.5,0.32062965631484985
33,Azmi_Bishara_0001.jpg,Sammy_Sosa_0002.jpg,0,classifier.5,0.7238094210624695
34,Barbara_Brezigar_0002.jpg,Doris_Roberts_0002.jpg,0,classifier.5,0.28348618745803833
35,Barbara_Felt-Miller_0001.jpg,Leticia_Dolera_0001.jpg,0,classifier.5,0.2463366985321045
36,Barbara_Walters_0001.jpg,Barbara_Walters_0003.jpg,1,classifier.5,0.19452238082885742
37,Barbara_Walters_0001.jpg,Barbara_Walters_0004.jpg,1,classifier.5,0.3553040623664856
38,Barry_Alvarez_0001.jpg,John_Jones_0001.jpg,0,classifier.5,0.4359546899795532
39,Benazir_Bhutto_0002.jpg,Benazir_Bhutto_0004.jpg,1,classifier.5,0.4914069175720215
40,Bernard_Landry_0003.jpg,Stacey_Jones_0001.jpg,0,classifier.5,0.2315431833267212
41,Bill_Nelson_0001.jpg,Kim_Jong-Il_0003.jpg,0,classifier.5,0.3132561445236206
42,Bill_Simon_0011.jpg,Bill_Simon_0015.jpg,1,classifier.5,0.4142833352088928
43,Bixente_LIzarazu_0001.jpg,Chris_Bell_0002.jpg,0,classifier.5,0.3855322003364563
44,Bixente_LIzarazu_0001.jpg,Todd_Wike_0001.jpg,0,classifier.5,0.26418352127075195
45,BJ_Habibie_0001.jpg,Craig_MacTavish_0001.jpg,0,classifier.5,0.4680125117301941
46,Bob_Graham_0002.jpg,Dwayne_Wade_0001.jpg,0,classifier.5,0.37188267707824707
47,Brad_Wilk_0001.jpg,Phil_Cline_0001.jpg,0,classifier.5,0.6156200170516968
48,Brandon_Inge_0001.jpg,Eric_Lloyd_0001.jpg,0,classifier.5,0.32535320520401
49,Brandon_Webb_0001.jpg,Ryan_Leaf_0001.jpg,0,classifier.5,0.4025619626045227
50,Brian_Billick_0001.jpg,John_Wayne_0001.jpg,0,classifier.5,0.6332364082336426
51,Brian_StPierre_0001.jpg,Steve_Mariucci_0002.jpg,0,classifier.5,0.326943039894104
52,Brooke_Adams_0001.jpg,Paula_Prentiss_0001.jpg,0,classifier.5,0.25234198570251465
53,Bud_Selig_0002.jpg,Bud_Selig_0003.jpg,1,classifier.5,0.3089161515235901
54,Cameron_Diaz_0005.jpg,Nadia_Petrova_0002.jpg,0,classifier.5,0.5786413550376892
55,Carla_Del_Ponte_0001.jpg,Carla_Del_Ponte_0002.jpg,1,classifier.5,0.2730679512023926
56,Carla_Gugino_0001.jpg,Kelly_Leigh_0001.jpg,0,classifier.5,0.38175731897354126
57,Carla_Moreno_0001.jpg,Suzanne_Torrance_0001.jpg,0,classifier.5,0.5940293073654175
58,Carlos_Ghosn_0002.jpg,Ray_Allen_0003.jpg,0,classifier.5,0.3877822160720825
59,Carly_Fiorina_0001.jpg,Carly_Fiorina_0002.jpg,1,classifier.5,0.3453090190887451
60,Carolina_Barco_0001.jpg,Lindsay_Davenport_0022.jpg,0,classifier.5,0.5477057099342346
61,Carolina_Kluft_0001.jpg,Carolina_Kluft_0002.jpg,1,classifier.5,0.2172282338142395
62,Carolyn_Dawn_Johnson_0002.jpg,Carolyn_Dawn_Johnson_0003.jpg,1,classifier.5,0.15266716480255127
63,Carolyn_Dawn_Johnson_0003.jpg,Lydia_Shum_0001.jpg,0,classifier.5,0.3338303565979004
64,Casey_Crowder_0001.jpg,Phoenix_Chang_0001.jpg,0,classifier.5,0.3045237064361572
65,Catherine_Ndereba_0001.jpg,Janet_Napolitano_0004.jpg,0,classifier.5,0.35123157501220703
66,Celine_Dion_0003.jpg,Celine_Dion_0008.jpg,1,classifier.5,0.34094202518463135
67,Celine_Dion_0005.jpg,Linda_Baboolal_0001.jpg,0,classifier.5,0.3320198059082031
68,Cesar_Gaviria_0002.jpg,Cesar_Gaviria_0004.jpg,1,classifier.5,0.33653783798217773
69,Charla_Moye_0001.jpg,Patti_Balgojevich_0001.jpg,0,classifier.5,0.6795088052749634
70,Charles_Bronson_0002.jpg,Hu_Jintao_0004.jpg,0,classifier.5,0.3516061305999756
71,Charles_Mathews_0001.jpg,Will_Ferrell_0001.jpg,0,classifier.5,0.4436546564102173
72,Charles_Schumer_0002.jpg,Lionel_Chalmers_0001.jpg,0,classifier.5,0.31068968772888184
73,Charlotte_Rampling_0001.jpg,Lana_Clarkson_0002.jpg,0,classifier.5,0.4175112843513489
74,Cherie_Blair_0001.jpg,Cherie_Blair_0004.jpg,1,classifier.5,0.18912160396575928
75,Chris_Bell_0002.jpg,Pharrell_Williams_0001.jpg,0,classifier.5,0.31086039543151855
76,Christina_Aguilera_0001.jpg,Christina_Aguilera_0004.jpg,1,classifier.5,0.3961074948310852
77,Christine_Baumgartner_0001.jpg,Christine_Baumgartner_0002.jpg,1,classifier.5,0.2464786171913147
78,Christine_Gregoire_0001.jpg,Christine_Gregoire_0004.jpg,1,classifier.5,0.2958388328552246
79,Christine_Gregoire_0004.jpg,Wang_Hailan_0001.jpg,0,classifier.5,0.3410360813140869
80,Christine_Todd_Whitman_0002.jpg,Christine_Todd_Whitman_0003.jpg,1,classifier.5,0.3821674585342407
81,Claire_De_Gryse_0001.jpg,Deb_Santos_0001.jpg,0,classifier.5,0.4212932586669922
82,Claudia_Pechstein_0001.jpg,Claudia_Pechstein_0002.jpg,1,classifier.5,0.2549886703491211
83,Claudia_Pechstein_0002.jpg,Mireille_Jospin-Dandieu_0001.jpg,0,classifier.5,0.4359006881713867
84,Claudia_Pechstein_0004.jpg,Claudia_Pechstein_0005.jpg,1,classifier.5,0.4752269983291626
85,Claudia_Schiffer_0001.jpg,Claudia_Schiffer_0002.jpg,1,classifier.5,0.2582216262817383
86,Cole_Chapman_0001.jpg,Marisol_Martinez_Sambran_0001.jpg,0,classifier.5,0.4211158752441406
87,Colin_Jackson_0001.jpg,Colin_Jackson_0002.jpg,1,classifier.5,0.20320510864257812
88,Colleen_Atwood_0001.jpg,Penelope_Cruz_0002.jpg,0,classifier.5,0.3295440673828125
89,Condoleezza_Rice_0001.jpg,Condoleezza_Rice_0004.jpg,1,classifier.5,0.31177395582199097
90,Courtney_Love_0001.jpg,Jennifer_Aniston_0003.jpg,0,classifier.5,0.36490482091903687
91,Cristian_Barros_0001.jpg,Steve_Largent_0001.jpg,0,classifier.5,0.24059724807739258
92,Cristina_Kirchner_0001.jpg,Stefanie_De_Roux_0001.jpg,0,classifier.5,0.15409672260284424
93,Cruz_Bustamante_0001.jpg,Cruz_Bustamante_0004.jpg,1,classifier.5,0.3541233539581299
94,Curtis_Rodriguez_0001.jpg,John_Blaney_0002.jpg,0,classifier.5,0.26737403869628906
95,Daisy_Fuentes_0002.jpg,Daisy_Fuentes_0003.jpg,1,classifier.5,0.16514748334884644
96,Dan_LaCoutre_0001.jpg,Gustavo_Kuerten_0002.jpg,0,classifier.5,0.378393292427063
97,Daniel_Radcliffe_0001.jpg,Daniel_Radcliffe_0004.jpg,1,classifier.5,0.28595447540283203
98,Danielle_Spencer_0001.jpg,Rachel_Wheatley_0001.jpg,0,classifier.5,0.3491477370262146
99,David_Beckham_0011.jpg,David_Beckham_0029.jpg,1,classifier.5,0.31455159187316895
100,Debra_Yang_0001.jpg,Yekaterina_Guseva_0001.jpg,0,classifier.5,0.4279631972312927
101,Dick_Posthumus_0001.jpg,Jim_Wong_0001.jpg,0,classifier.5,0.36181795597076416
102,Dionne_Warwick_0001.jpg,Janine_Pietsch_0001.jpg,0,classifier.5,0.3701143264770508
103,Donna_Walker_0001.jpg,Jacqueline_Marris_0001.jpg,0,classifier.5,0.3722928762435913
104,Doris_Schroeder_0001.jpg,Doris_Schroeder_0003.jpg,1,classifier.5,0.30170804262161255
105,Edward_Lu_0001.jpg,Robert_Zoellick_0007.jpg,0,classifier.5,0.25703108310699463
106,Edward_Norton_0001.jpg,Edward_Norton_0002.jpg,1,classifier.5,0.16535180807113647
107,Eileen_Coparropa_0002.jpg,Eileen_Coparropa_0003.jpg,1,classifier.5,0.2967742681503296
108,Elin_Nordegren_0001.jpg,Samantha_Daniels_0001.jpg,0,classifier.5,0.6032239198684692
109,Elisha_Cuthbert_0001.jpg,Mariana_Pollack_0002.jpg,0,classifier.5,0.23938357830047607
110,Elizabeth_Hurley_0001.jpg,Elizabeth_Hurley_0004.jpg,1,classifier.5,0.3040614128112793
111,Elizabeth_Shue_0002.jpg,Princess_Hisako_0001.jpg,0,classifier.5,0.515418529510498
112,Elizabeth_Taylor_0001.jpg,Olympia_Dukakis_0001.jpg,0,classifier.5,0.5208677053451538
113,Ellen_DeGeneres_0001.jpg,Ellen_DeGeneres_0002.jpg,1,classifier.5,0.2952708601951599
114,Elva_Hsiao_0001.jpg,Samantha_Daniels_0001.jpg,0,classifier.5,0.4363645315170288
115,Eminem_0001.jpg,Wolfgang_Clement_0001.jpg,0,classifier.5,0.44173288345336914
116,Enola_Rice_0001.jpg,Lana_Clarkson_0002.jpg,0,classifier.5,0.44114255905151367
117,Eric_Rosser_0001.jpg,Marc-Andre_Fleury_0002.jpg,0,classifier.5,0.4154130220413208
118,Eriko_Tamura_0001.jpg,Georgia_Giddings_0001.jpg,0,classifier.5,0.2942206859588623
119,Erin_Runnion_0002.jpg,Erin_Runnion_0003.jpg,1,classifier.5,0.2257583737373352
120,Eva_Amurri_0001.jpg,Tanya_Lindenmuth_0001.jpg,0,classifier.5,0.31821000576019287
121,Fayssal_Mekdad_0001.jpg,Fayssal_Mekdad_0004.jpg,1,classifier.5,0.3356882333755493
122,Fernando_Leon_de_Aranoa_0001.jpg,John_Scarlett_0001.jpg,0,classifier.5,0.35761725902557373
123,Fernando_Vargas_0003.jpg,Martin_Verkerk_0003.jpg,0,classifier.5,0.42623114585876465
124,Fred_Thompson_0001.jpg,Fred_Thompson_0003.jpg,1,classifier.5,0.15366697311401367
125,Geoff_Hoon_0005.jpg,Thomas_Stewart_0001.jpg,0,classifier.5,0.39706331491470337
126,George_Robertson_0005.jpg,Robbie_Mc_Ewen_0001.jpg,0,classifier.5,0.39016807079315186
127,George_Voinovich_0002.jpg,George_Voinovich_0003.jpg,1,classifier.5,0.26542723178863525
128,Georgi_Parvanov_0001.jpg,Luis_Fonsi_0001.jpg,0,classifier.5,0.3338510990142822
129,Georgina_Papin_0001.jpg,Mary_Lou_Retton_0001.jpg,0,classifier.5,0.3500218391418457
130,Gian_Marco_0002.jpg,Gian_Marco_0003.jpg,1,classifier.5,0.3433830142021179
131,Gina_Gershon_0001.jpg,Patricia_Garone_0001.jpg,0,classifier.5,0.3200036287307739
132,Gregg_Popovich_0003.jpg,Gregg_Popovich_0004.jpg,1,classifier.5,0.2863641381263733
133,Gregorio_Rosal_0001.jpg,Richard_Greenberg_0001.jpg,0,classifier.5,0.349739134311676
134,Guennadi_Chipouline_0001.jpg,Tom_Koenigs_0001.jpg,0,classifier.5,0.43674153089523315
135,Guillaume_Depardieu_0001.jpg,Manuel_Llorente_0001.jpg,0,classifier.5,0.33707547187805176
136,Gunilla_Backman_0001.jpg,Kathleen_Abernathy_0001.jpg,0,classifier.5,0.47155094146728516
137,Gunter_Pleuger_0003.jpg,Vaclav_Klaus_0001.jpg,0,classifier.5,0.3061572313308716
138,Hans_Blix_0009.jpg,Hans_Blix_0012.jpg,1,classifier.5,0.4376333951950073
139,Hans_Eichel_0001.jpg,Jimmy_Iovine_0001.jpg,0,classifier.5,0.4870009422302246
140,Harald_Ringstorff_0001.jpg,Pat_Riley_0001.jpg,0,classifier.5,0.19174915552139282
141,Heidi_Fleiss_0001.jpg,Heidi_Fleiss_0003.jpg,1,classifier.5,0.14872419834136963
142,Horacio_Julio_Pina_0001.jpg,Zaini_Abdullah_0001.jpg,0,classifier.5,0.3026195168495178
143,Ian_Thorpe_0005.jpg,Ian_Thorpe_0007.jpg,1,classifier.5,0.436257004737854
144,Iran_Brown_0001.jpg,Margaret_Caruso_0001.jpg,0,classifier.5,0.43333643674850464
145,Isabelle_Huppert_0001.jpg,Isabelle_Huppert_0002.jpg,1,classifier.5,0.2037215232849121
146,Jada_Pinkett_Smith_0002.jpg,Jenny_Romero_0001.jpg,0,classifier.5,0.2857726812362671
147,James_Caan_0002.jpg,Paul_Sarbanes_0002.jpg,0,classifier.5,0.26774418354034424
148,James_Smith_0001.jpg,James_Smith_0002.jpg,1,classifier.5,0.27880430221557617
149,Jamie_Kellner_0001.jpg,Tomas_Malik_0001.jpg,0,classifier.5,0.4306058883666992
150,Jane_Kaczmarek_0001.jpg,Jane_Kaczmarek_0002.jpg,1,classifier.5,0.16294455528259277
151,Janela_Jara_0001.jpg,Kirsten_Clark_0001.jpg,0,classifier.5,0.6208574175834656
152,Jason_Statham_0001.jpg,Kwame_Kilpatrick_0001.jpg,0,classifier.5,0.33805251121520996
153,Jean-Marc_Olive_0001.jpg,John_Timoney_0001.jpg,0,classifier.5,0.25619518756866455
154,Jeff_Van_Gundy_0001.jpg,Jeff_Van_Gundy_0002.jpg,1,classifier.5,0.27197134494781494
155,Jen_Bice_0001.jpg,Judi_Dench_0002.jpg,0,classifier.5,0.3600224256515503
156,Jennifer_Capriati_0007.jpg,Jennifer_Capriati_0032.jpg,1,classifier.5,0.2711900472640991
157,Jennifer_Garner_0007.jpg,Jennifer_Garner_0012.jpg,1,classifier.5,0.22326874732971191
158,Jennifer_Granholm_0001.jpg,Trudi_Lacey_0001.jpg,0,classifier.5,0.29205501079559326
159,Jennifer_Lopez_0003.jpg,Jennifer_Lopez_0010.jpg,1,classifier.5,0.19061535596847534
160,Jennifer_Pena_0001.jpg,Sonia_Lopez_0001.jpg,0,classifier.5,0.3378080725669861
161,Jennifer_Reilly_0001.jpg,Jennifer_Reilly_0002.jpg,1,classifier.5,0.08638054132461548
162,Jennifer_Thompson_0001.jpg,Jennifer_Thompson_0002.jpg,1,classifier.5,0.18801605701446533
163,Jeong_Se-hyun_0007.jpg,Jeong_Se-hyun_0009.jpg,1,classifier.5,0.5137106776237488
164,Jerry_Falwell_0001.jpg,Jerry_Falwell_0002.jpg,1,classifier.5,0.26500403881073
165,Jessica_Capshaw_0001.jpg,Penelope_Cruz_0002.jpg,0,classifier.5,0.29926180839538574
166,Jiang_Zemin_0015.jpg,Jiang_Zemin_0018.jpg,1,classifier.5,0.250593900680542
167,Joe_Torre_0001.jpg,Joe_Torre_0003.jpg,1,classifier.5,0.40060901641845703
168,John_Abizaid_0001.jpg,John_Abizaid_0002.jpg,1,classifier.5,0.2636359930038452
169,John_Bolton_0014.jpg,Kim_Yun-kyu_0001.jpg,0,classifier.5,0.4486531615257263
170,John_Dallager_0001.jpg,Jose_Canseco_Sr_0001.jpg,0,classifier.5,0.444136381149292
171,John_Robbins_0001.jpg,Tom_Foy_0001.jpg,0,classifier.5,0.41652047634124756
172,Jorge_Alberto_Galindo_0001.jpg,Roger_King_0001.jpg,0,classifier.5,0.3323759436607361
173,Jose_Canseco_0001.jpg,Jose_Canseco_0003.jpg,1,classifier.5,0.5462196469306946
174,Juan_Carlos_Ferrero_0009.jpg,Juan_Carlos_Ferrero_0017.jpg,1,classifier.5,0.16408157348632812
175,Juan_Fernandez_0001.jpg,Paul_Krueger_0001.jpg,0,classifier.5,0.287575364112854
176,Juan_Manuel_Marquez_0001.jpg,Juan_Manuel_Marquez_0002.jpg,1,classifier.5,0.2615513801574707
177,Julia_Tymoshenko_0001.jpg,Julia_Tymoshenko_0003.jpg,1,classifier.5,0.31055212020874023
178,Julio_Iglesias_Jr_0001.jpg,Ramon_Ponce_de_Leon_0001.jpg,0,classifier.5,0.39566802978515625
179,Justin_Timberlake_0001.jpg,Justin_Timberlake_0002.jpg,1,classifier.5,0.39099740982055664
180,Justine_Pasek_0006.jpg,Justine_Pasek_0007.jpg,1,classifier.5,0.2205405831336975
181,Kate_Burton_0001.jpg,Martha_Stewart_0002.jpg,0,classifier.5,0.29471349716186523
182,Kate_Winslet_0001.jpg,Kate_Winslet_0002.jpg,1,classifier.5,0.19704723358154297
183,Katherine_Harris_0001.jpg,Katherine_Harris_0002.jpg,1,classifier.5,0.17591464519500732
184,Kathleen_Glynn_0001.jpg,Kathleen_Glynn_0002.jpg,1,classifier.5,0.22172760963439941
185,Kathryn_Morris_0001.jpg,Minnie_Driver_0002.jpg,0,classifier.5,0.2547273635864258
186,Keanu_Reeves_0006.jpg,Keanu_Reeves_0009.jpg,1,classifier.5,0.47901594638824463
187,Keanu_Reeves_0006.jpg,Keanu_Reeves_0010.jpg,1,classifier.5,0.46849358081817627
188,Keiko_Sofia_Fujimori_0001.jpg,Sureyya_Ayhan_0001.jpg,0,classifier.5,0.45154958963394165
189,Kim_Weeks_0001.jpg,Marie-Josee_Croze_0001.jpg,0,classifier.5,0.17404496669769287
190,Kimora_Lee_0001.jpg,Robin_Johansen_0001.jpg,0,classifier.5,0.3088986873626709
191,Krishna_Bhadur_Mahara_0001.jpg,Peter_Holmberg_0001.jpg,0,classifier.5,0.40642857551574707
192,Kristen_Breitweiser_0001.jpg,Tatiana_Shchegoleva_0001.jpg,0,classifier.5,0.36119693517684937
193,Kristen_Breitweiser_0002.jpg,Kristen_Breitweiser_0003.jpg,1,classifier.5,0.3227972984313965
194,Kwon_Yang-sook_0001.jpg,Kwon_Yang-sook_0003.jpg,1,classifier.5,0.14656329154968262
195,Larry_Coker_0002.jpg,Larry_Coker_0004.jpg,1,classifier.5,0.28610849380493164
196,Larry_Harris_0001.jpg,Michael_Lechner_0001.jpg,0,classifier.5,0.4936610460281372
197,Larry_Ralston_0001.jpg,William_Donaldson_0006.jpg,0,classifier.5,0.33634865283966064
198,Laura_Gobai_0001.jpg,Robin_Wagner_0001.jpg,0,classifier.5,0.5088541507720947
199,Laura_Linney_0001.jpg,Laura_Linney_0003.jpg,1,classifier.5,0.17552942037582397
200,Laura_Linney_0003.jpg,Laura_Linney_0004.jpg,1,classifier.5,0.19769716262817383
201,Laurel_Clark_0001.jpg,Priscilla_Presley_0001.jpg,0,classifier.5,0.4197111129760742
202,Laurie_Laychak_0001.jpg,Pa_Kou_Hang_0001.jpg,0,classifier.5,0.29582250118255615
203,Lenny_Wilkens_0001.jpg,Lenny_Wilkens_0002.jpg,1,classifier.5,0.23672634363174438
204,Leon_Barmore_0001.jpg,Yusaku_Miyazato_0001.jpg,0,classifier.5,0.2232811450958252
205,Leonardo_Del_Vecchio_0001.jpg,Tatiana_Shchegoleva_0001.jpg,0,classifier.5,0.2797231674194336
206,Li_Peng_0004.jpg,Li_Peng_0007.jpg,1,classifier.5,0.3064981698989868
207,Linda_Franklin_0001.jpg,Melissa_Joan_Hart_0001.jpg,0,classifier.5,0.310028076171875
208,Lindsay_Benko_0002.jpg,Mireya_Elisa_Moscoso_Rodriguez_0001.jpg,0,classifier.5,0.3517047166824341
209,Liza_Minnelli_0005.jpg,Liza_Minnelli_0006.jpg,1,classifier.5,0.3678320050239563
210,Lucio_Gutierrez_0006.jpg,Lucio_Gutierrez_0007.jpg,1,classifier.5,0.27967047691345215
211,Lynne_Thigpen_0001.jpg,Mary_Blige_0001.jpg,0,classifier.5,0.4528653621673584
212,Magui_Serna_0001.jpg,Magui_Serna_0002.jpg,1,classifier.5,0.3105385899543762
213,Marcelo_Ebrard_0001.jpg,Marcelo_Ebrard_0003.jpg,1,classifier.5,0.3105071187019348
214,Marina_Anissina_0001.jpg,Marina_Anissina_0002.jpg,1,classifier.5,0.13832849264144897
215,Marisa_Tomei_0001.jpg,Marisa_Tomei_0002.jpg,1,classifier.5,0.1066136360168457
216,Mark_Kelly_0001.jpg,Mark_Lazarus_0001.jpg,0,classifier.5,0.272455096244812
217,Mary_Tyler_Moore_0001.jpg,Mary_Tyler_Moore_0002.jpg,1,classifier.5,0.16913092136383057
218,Mary-Kate_Olsen_0001.jpg,Mary-Kate_Olsen_0002.jpg,1,classifier.5,0.29027247428894043
219,Mathias_Reichhold_0001.jpg,Mathias_Reichhold_0002.jpg,1,classifier.5,0.2755926847457886
220,Max_Mosley_0001.jpg,Raul_Gonzalez_0001.jpg,0,classifier.5,0.2707688808441162
221,Mel_Brooks_0001.jpg,Mel_Brooks_0002.jpg,1,classifier.5,0.6868947148323059
222,Melanie_Griffith_0001.jpg,Melanie_Griffith_0003.jpg,1,classifier.5,0.3782850503921509
223,Melissa_Mulloy_0001.jpg,Paula_Abdul_0001.jpg,0,classifier.5,0.25370877981185913
224,Michael_Bloomberg_0015.jpg,Ozzy_Osbourne_0002.jpg,0,classifier.5,0.37753671407699585
225,Michael_Capellas_0001.jpg,Michael_Capellas_0002.jpg,1,classifier.5,0.27251189947128296
226,Michael_Chang_0001.jpg,Michael_Chang_0003.jpg,1,classifier.5,0.2899998426437378
227,Michael_Kahn_0001.jpg,Rick_Caruso_0001.jpg,0,classifier.5,0.28296542167663574
228,Michael_Moore_0002.jpg,Michael_Moore_0003.jpg,1,classifier.5,0.2437533736228943
229,Michael_Pfleger_0001.jpg,Robert_Ehrlich_0002.jpg,0,classifier.5,0.22151422500610352
230,Michelle_Rodriguez_0001.jpg,Michelle_Rodriguez_0002.jpg,1,classifier.5,0.1976083517074585
231,Mikhail_Kasyanov_0003.jpg,Mikhail_Kasyanov_0004.jpg,1,classifier.5,0.08806151151657104
232,Mikhail_Wehbe_0001.jpg,Mikhail_Wehbe_0003.jpg,1,classifier.5,0.33866286277770996
233,Milan_Kucan_0001.jpg,Salman_Khan_0001.jpg,0,classifier.5,0.3836185336112976
234,Milt_Heflin_0001.jpg,Pier_Ferdinando_Casini_0001.jpg,0,classifier.5,0.182966411113739
235,Mireya_Moscoso_0004.jpg,San_Lan_0001.jpg,0,classifier.5,0.30491453409194946
236,Monica_Seles_0002.jpg,Queen_Beatrix_0004.jpg,0,classifier.5,0.29447394609451294
237,Muhammad_Ali_0001.jpg,Muhammad_Ali_0003.jpg,1,classifier.5,0.33390069007873535
238,Nadia_Petrova_0002.jpg,Nadia_Petrova_0003.jpg,1,classifier.5,0.20012259483337402
239,Nastia_Liukin_0001.jpg,Nicole_Parker_0001.jpg,0,classifier.5,0.5859993100166321
240,Natalie_Cole_0002.jpg,Natalie_Cole_0003.jpg,1,classifier.5,0.2938821315765381
241,Nelson_Mandela_0001.jpg,Nelson_Mandela_0003.jpg,1,classifier.5,0.3033827543258667
242,Nelson_Shanks_0001.jpg,Pedro_Martinez_0001.jpg,0,classifier.5,0.24174964427947998
243,Nelson_Shanks_0001.jpg,Ren_Qingjin_0001.jpg,0,classifier.5,0.263668417930603
244,Nia_Vardalos_0001.jpg,Nia_Vardalos_0003.jpg,1,classifier.5,0.2878515124320984
245,Nicole_Kidman_0003.jpg,Nicole_Kidman_0011.jpg,1,classifier.5,0.3782171607017517
246,Norah_Jones_0003.jpg,Norah_Jones_0015.jpg,1,classifier.5,0.43061327934265137
247,Norah_Jones_0011.jpg,Norah_Jones_0012.jpg,1,classifier.5,0.2814687490463257
248,Oprah_Winfrey_0002.jpg,Oprah_Winfrey_0003.jpg,1,classifier.5,0.5951490998268127
249,Oswaldo_Paya_0001.jpg,Oswaldo_Paya_0003.jpg,1,classifier.5,0.30973684787750244
250,Pamela_Anderson_0001.jpg,Pamela_Anderson_0002.jpg,1,classifier.5,0.2071433663368225
251,Patty_Schnyder_0001.jpg,Patty_Schnyder_0002.jpg,1,classifier.5,0.306022047996521
252,Patty_Schnyder_0003.jpg,Pernilla_Bjorn_0001.jpg,0,classifier.5,0.3727802038192749
253,Paul_Sarbanes_0002.jpg,Paul_Sarbanes_0003.jpg,1,classifier.5,0.26388001441955566
254,Paula_Zahn_0001.jpg,Tamara_Mowry_0001.jpg,0,classifier.5,0.4063621759414673
255,Pedro_Malan_0001.jpg,Pedro_Malan_0005.jpg,1,classifier.5,0.25688499212265015
256,Pete_Sampras_0010.jpg,Pete_Sampras_0013.jpg,1,classifier.5,0.38367146253585815
257,Phil_Mickelson_0001.jpg,Phil_Mickelson_0002.jpg,1,classifier.5,0.25889110565185547
258,Prince_Harry_0002.jpg,Prince_Harry_0003.jpg,1,classifier.5,0.3092712163925171
259,Queen_Latifah_0001.jpg,Queen_Latifah_0003.jpg,1,classifier.5,0.24274373054504395
260,Raaf_Schefter_0001.jpg,Rick_Dinse_0002.jpg,0,classifier.5,0.3485499620437622
261,Rebecca_Romijn-Stamos_0003.jpg,Rebecca_Romijn-Stamos_0004.jpg,1,classifier.5,0.23401063680648804
262,Reese_Witherspoon_0002.jpg,Toni_Jennings_0001.jpg,0,classifier.5,0.37675267457962036
263,Rich_Gannon_0001.jpg,Rich_Gannon_0002.jpg,1,classifier.5,0.3214071989059448
264,Rita_Grande_0001.jpg,Rita_Grande_0002.jpg,1,classifier.5,0.33391714096069336
265,Robert_Blake_0001.jpg,Robert_Blake_0003.jpg,1,classifier.5,0.4143798351287842
266,Robert_De_Niro_0001.jpg,Robert_De_Niro_0004.jpg,1,classifier.5,0.3992941379547119
267,Robert_Downey_Jr_0001.jpg,Tommy_Shane_Steiner_0001.jpg,0,classifier.5,0.36603474617004395
268,Robert_Kocharian_0004.jpg,Robert_Kocharian_0005.jpg,1,classifier.5,0.2853126525878906
269,Robert_Wagner_0001.jpg,Tommy_Franks_0011.jpg,0,classifier.5,0.20095205307006836
270,Robin_Wright_Penn_0001.jpg,Yoko_Ono_0006.jpg,0,classifier.5,0.38851940631866455
271,Rodolfo_Abalos_0001.jpg,Thierry_Falise_0003.jpg,0,classifier.5,0.3668256998062134
272,Rudolph_Giuliani_0004.jpg,Rudolph_Giuliani_0017.jpg,1,classifier.5,0.2903504967689514
273,Sandra_Bullock_0003.jpg,Sandra_Bullock_0002.jpg,1,classifier.5,0.2979762554168701
274,Sarah_Hughes_0001.jpg,Sarah_Hughes_0006.jpg,1,classifier.5,0.4538043737411499
275,Sarah_Hughes_0003.jpg,Sarah_Hughes_0005.jpg,1,classifier.5,0.2677672505378723
276,Sarah_Jessica_Parker_0002.jpg,Sarah_Jessica_Parker_0004.jpg,1,classifier.5,0.39509671926498413
277,Sarah_Michelle_Gellar_0001.jpg,Sarah_Michelle_Gellar_0003.jpg,1,classifier.5,0.254425048828125
278,Scott_Hoch_0001.jpg,Thomas_Stewart_0001.jpg,0,classifier.5,0.4241434931755066
279,Scott_Ritter_0001.jpg,Scott_Ritter_0002.jpg,1,classifier.5,0.20034289360046387
280,Se_Hyuk_Joo_0001.jpg,Tom_Rouen_0001.jpg,0,classifier.5,0.37681472301483154
281,Sean_Penn_0002.jpg,Sean_Penn_0003.jpg,1,classifier.5,0.3152461051940918
282,Sharon_Stone_0002.jpg,Sharon_Stone_0004.jpg,1,classifier.5,0.20002615451812744
283,Sheila_Copps_0002.jpg,Sheila_Copps_0003.jpg,1,classifier.5,0.25034964084625244
284,Slobodan_Milosevic_0003.jpg,Slobodan_Milosevic_0004.jpg,1,classifier.5,0.24711275100708008
285,Steve_Ballmer_0001.jpg,Steve_Ballmer_0003.jpg,1,classifier.5,0.2932460308074951
286,Terry_McAuliffe_0001.jpg,Terry_McAuliffe_0003.jpg,1,classifier.5,0.3077167272567749
287,Thaksin_Shinawatra_0005.jpg,Thaksin_Shinawatra_0006.jpg,1,classifier.5,0.17101573944091797
288,Tiger_Woods_0002.jpg,Tiger_Woods_0006.jpg,1,classifier.5,0.5452118515968323
289,Tiger_Woods_0006.jpg,Tiger_Woods_0018.jpg,1,classifier.5,0.5428879857063293
290,Tom_Watson_0002.jpg,Tom_Watson_0003.jpg,1,classifier.5,0.19050925970077515
291,Tony_Curtis_0001.jpg,Tony_Curtis_0002.jpg,1,classifier.5,0.26276981830596924
292,Vanessa_Williams_0001.jpg,Vanessa_Williams_0002.jpg,1,classifier.5,0.36007821559906006
293,Venus_Williams_0002.jpg,Venus_Williams_0009.jpg,1,classifier.5,0.28884536027908325
294,Victoria_Beckham_0001.jpg,Victoria_Beckham_0003.jpg,1,classifier.5,0.40316569805145264
295,Victoria_Clarke_0001.jpg,Victoria_Clarke_0005.jpg,1,classifier.5,0.21386992931365967
296,Vladimir_Spidla_0002.jpg,Vladimir_Spidla_0003.jpg,1,classifier.5,0.2399752140045166
297,Vojislav_Kostunica_0005.jpg,Vojislav_Kostunica_0007.jpg,1,classifier.5,0.3028677701950073
298,Wang_Yi_0001.jpg,Wang_Yi_0002.jpg,1,classifier.5,0.3169652223587036
299,Wen_Jiabao_0005.jpg,Wen_Jiabao_0006.jpg,1,classifier.5,0.35774630308151245
300,Yashwant_Sinha_0001.jpg,Yashwant_Sinha_0003.jpg,1,classifier.5,0.36573362350463867
