Unnamed: 0,img1,img2,same,layer_name,model_computed_distance
1,Aaron_Guiel_0001.jpg.flipped.jpg,Pascal_Rheaume_0001.jpg.flipped.jpg,0,classifier.5,0.4014350175857544
2,Ahmed_Qureia_0001.jpg.flipped.jpg,Stanley_McChrystal_0003.jpg.flipped.jpg,0,classifier.5,0.47379106283187866
3,Ai_Sugiyama_0004.jpg.flipped.jpg,Ai_Sugiyama_0005.jpg.flipped.jpg,1,classifier.5,0.4440126419067383
4,Aishwarya_Rai_0001.jpg.flipped.jpg,Dinah_Turner_0001.jpg.flipped.jpg,0,classifier.5,0.3875769376754761
5,Al_Pacino_0001.jpg.flipped.jpg,Al_Pacino_0002.jpg.flipped.jpg,1,classifier.5,0.49459171295166016
6,Al_Sharpton_0002.jpg.flipped.jpg,Al_Sharpton_0004.jpg.flipped.jpg,1,classifier.5,0.23065513372421265
7,Alan_Ball_0001.jpg.flipped.jpg,Alan_Ball_0002.jpg.flipped.jpg,1,classifier.5,0.22808009386062622
8,Alastair_Campbell_0002.jpg.flipped.jpg,Alastair_Campbell_0004.jpg.flipped.jpg,1,classifier.5,0.3240407705307007
9,Alisha_Richman_0001.jpg.flipped.jpg,Katerina_Smrzova_0001.jpg.flipped.jpg,0,classifier.5,0.3641713261604309
10,Allan_Houston_0001.jpg.flipped.jpg,Andy_Garcia_0001.jpg.flipped.jpg,0,classifier.5,0.3204563856124878
11,Ally_Sheedy_0001.jpg.flipped.jpg,Myung_Yang_0001.jpg.flipped.jpg,0,classifier.5,0.409329354763031
12,Alvaro_Silva_Calderon_0001.jpg.flipped.jpg,Alvaro_Silva_Calderon_0002.jpg.flipped.jpg,1,classifier.5,0.40743088722229004
13,Amanda_Bynes_0002.jpg.flipped.jpg,Amanda_Bynes_0003.jpg.flipped.jpg,1,classifier.5,0.48472654819488525
14,Amanda_Coetzer_0001.jpg.flipped.jpg,Amanda_Coetzer_0002.jpg.flipped.jpg,1,classifier.5,0.30910205841064453
15,Amelia_Vega_0001.jpg.flipped.jpg,Gina_Lollobrigida_0001.jpg.flipped.jpg,0,classifier.5,0.5468303561210632
16,Amelie_Mauresmo_0011.jpg.flipped.jpg,Amelie_Mauresmo_0017.jpg.flipped.jpg,1,classifier.5,0.46116918325424194
17,Andrea_Bocelli_0001.jpg.flipped.jpg,Natalya_Sazanovich_0001.jpg.flipped.jpg,0,classifier.5,0.41624367237091064
18,Andrea_Kiser_0001.jpg.flipped.jpg,Ellen_Barkin_0001.jpg.flipped.jpg,0,classifier.5,0.31624412536621094
19,Andy_Warhol_0001.jpg.flipped.jpg,Paul-Henri_Mathieu_0002.jpg.flipped.jpg,0,classifier.5,0.4854384660720825
20,Angela_Merkel_0003.jpg.flipped.jpg,Anna_Jones_0001.jpg.flipped.jpg,0,classifier.5,0.617081344127655
21,Anita_DeFrantz_0001.jpg.flipped.jpg,Carla_Gay_Balingit_0001.jpg.flipped.jpg,0,classifier.5,0.41647958755493164
22,Anja_Paerson_0001.jpg.flipped.jpg,Ruth_Pearce_0001.jpg.flipped.jpg,0,classifier.5,0.5952253341674805
23,Anne_Heche_0001.jpg.flipped.jpg,Sasha_Alexander_0001.jpg.flipped.jpg,0,classifier.5,0.4595058560371399
24,Anne_ONeil_0001.jpg.flipped.jpg,Sophie_0001.jpg.flipped.jpg,0,classifier.5,0.6015597581863403
25,Anthony_Corso_0001.jpg.flipped.jpg,Ray_Allen_0003.jpg.flipped.jpg,0,classifier.5,0.46006685495376587
26,Anthony_Hopkins_0002.jpg.flipped.jpg,Orlando_Bloom_0001.jpg.flipped.jpg,0,classifier.5,0.5017517805099487
27,Antonio_Palocci_0005.jpg.flipped.jpg,Jose_Woldenberg_0001.jpg.flipped.jpg,0,classifier.5,0.3128169775009155
28,Arnoldo_Aleman_0003.jpg.flipped.jpg,Arnoldo_Aleman_0005.jpg.flipped.jpg,1,classifier.5,0.3385354280471802
29,Arye_Mekel_0001.jpg.flipped.jpg,Arye_Mekel_0002.jpg.flipped.jpg,1,classifier.5,0.41153645515441895
30,Ascencion_Barajas_0001.jpg.flipped.jpg,Chris_Hernandez_0001.jpg.flipped.jpg,0,classifier.5,0.5684027671813965
31,Ashley_Judd_0001.jpg.flipped.jpg,Joan_Jett_0001.jpg.flipped.jpg,0,classifier.5,0.6052018404006958
32,Ashley_Postell_0001.jpg.flipped.jpg,Casy_Preslar_0001.jpg.flipped.jpg,0,classifier.5,0.3991848826408386
33,Azmi_Bishara_0001.jpg.flipped.jpg,Sammy_Sosa_0002.jpg.flipped.jpg,0,classifier.5,0.6773049235343933
34,Barbara_Brezigar_0002.jpg.flipped.jpg,Doris_Roberts_0002.jpg.flipped.jpg,0,classifier.5,0.47994595766067505
35,Barbara_Felt-Miller_0001.jpg.flipped.jpg,Leticia_Dolera_0001.jpg.flipped.jpg,0,classifier.5,0.3765535354614258
36,Barbara_Walters_0001.jpg.flipped.jpg,Barbara_Walters_0003.jpg.flipped.jpg,1,classifier.5,0.31269800662994385
37,Barbara_Walters_0001.jpg.flipped.jpg,Barbara_Walters_0004.jpg.flipped.jpg,1,classifier.5,0.37955766916275024
38,Barry_Alvarez_0001.jpg.flipped.jpg,John_Jones_0001.jpg.flipped.jpg,0,classifier.5,0.44001269340515137
39,Benazir_Bhutto_0002.jpg.flipped.jpg,Benazir_Bhutto_0004.jpg.flipped.jpg,1,classifier.5,0.5248996019363403
40,Bernard_Landry_0003.jpg.flipped.jpg,Stacey_Jones_0001.jpg.flipped.jpg,0,classifier.5,0.2891167998313904
41,Bill_Nelson_0001.jpg.flipped.jpg,Kim_Jong-Il_0003.jpg.flipped.jpg,0,classifier.5,0.3679012656211853
42,Bill_Simon_0011.jpg.flipped.jpg,Bill_Simon_0015.jpg.flipped.jpg,1,classifier.5,0.38554102182388306
43,Bixente_LIzarazu_0001.jpg.flipped.jpg,Chris_Bell_0002.jpg.flipped.jpg,0,classifier.5,0.5583469271659851
44,Bixente_LIzarazu_0001.jpg.flipped.jpg,Todd_Wike_0001.jpg.flipped.jpg,0,classifier.5,0.5186275243759155
45,BJ_Habibie_0001.jpg.flipped.jpg,Craig_MacTavish_0001.jpg.flipped.jpg,0,classifier.5,0.3430060148239136
46,Bob_Graham_0002.jpg.flipped.jpg,Dwayne_Wade_0001.jpg.flipped.jpg,0,classifier.5,0.49183881282806396
47,Brad_Wilk_0001.jpg.flipped.jpg,Phil_Cline_0001.jpg.flipped.jpg,0,classifier.5,0.6641932725906372
48,Brandon_Inge_0001.jpg.flipped.jpg,Eric_Lloyd_0001.jpg.flipped.jpg,0,classifier.5,0.2879263162612915
49,Brandon_Webb_0001.jpg.flipped.jpg,Ryan_Leaf_0001.jpg.flipped.jpg,0,classifier.5,0.48853540420532227
50,Brian_Billick_0001.jpg.flipped.jpg,John_Wayne_0001.jpg.flipped.jpg,0,classifier.5,0.5206575393676758
51,Brian_StPierre_0001.jpg.flipped.jpg,Steve_Mariucci_0002.jpg.flipped.jpg,0,classifier.5,0.4588230848312378
52,Brooke_Adams_0001.jpg.flipped.jpg,Paula_Prentiss_0001.jpg.flipped.jpg,0,classifier.5,0.4699394702911377
53,Bud_Selig_0002.jpg.flipped.jpg,Bud_Selig_0003.jpg.flipped.jpg,1,classifier.5,0.33644795417785645
54,Cameron_Diaz_0005.jpg.flipped.jpg,Nadia_Petrova_0002.jpg.flipped.jpg,0,classifier.5,0.586816132068634
55,Carla_Del_Ponte_0001.jpg.flipped.jpg,Carla_Del_Ponte_0002.jpg.flipped.jpg,1,classifier.5,0.2662017345428467
56,Carla_Gugino_0001.jpg.flipped.jpg,Kelly_Leigh_0001.jpg.flipped.jpg,0,classifier.5,0.5015307068824768
57,Carla_Moreno_0001.jpg.flipped.jpg,Suzanne_Torrance_0001.jpg.flipped.jpg,0,classifier.5,0.5288530588150024
58,Carlos_Ghosn_0002.jpg.flipped.jpg,Ray_Allen_0003.jpg.flipped.jpg,0,classifier.5,0.5566755533218384
59,Carly_Fiorina_0001.jpg.flipped.jpg,Carly_Fiorina_0002.jpg.flipped.jpg,1,classifier.5,0.396647572517395
60,Carolina_Barco_0001.jpg.flipped.jpg,Lindsay_Davenport_0022.jpg.flipped.jpg,0,classifier.5,0.6880630254745483
61,Carolina_Kluft_0001.jpg.flipped.jpg,Carolina_Kluft_0002.jpg.flipped.jpg,1,classifier.5,0.36250579357147217
62,Carolyn_Dawn_Johnson_0002.jpg.flipped.jpg,Carolyn_Dawn_Johnson_0003.jpg.flipped.jpg,1,classifier.5,0.21342313289642334
63,Carolyn_Dawn_Johnson_0003.jpg.flipped.jpg,Lydia_Shum_0001.jpg.flipped.jpg,0,classifier.5,0.46025747060775757
64,Casey_Crowder_0001.jpg.flipped.jpg,Phoenix_Chang_0001.jpg.flipped.jpg,0,classifier.5,0.366393506526947
65,Catherine_Ndereba_0001.jpg.flipped.jpg,Janet_Napolitano_0004.jpg.flipped.jpg,0,classifier.5,0.3707069158554077
66,Celine_Dion_0003.jpg.flipped.jpg,Celine_Dion_0008.jpg.flipped.jpg,1,classifier.5,0.5402299165725708
67,Celine_Dion_0005.jpg.flipped.jpg,Linda_Baboolal_0001.jpg.flipped.jpg,0,classifier.5,0.4631328582763672
68,Cesar_Gaviria_0002.jpg.flipped.jpg,Cesar_Gaviria_0004.jpg.flipped.jpg,1,classifier.5,0.4529992341995239
69,Charla_Moye_0001.jpg.flipped.jpg,Patti_Balgojevich_0001.jpg.flipped.jpg,0,classifier.5,0.6175638437271118
70,Charles_Bronson_0002.jpg.flipped.jpg,Hu_Jintao_0004.jpg.flipped.jpg,0,classifier.5,0.3388326168060303
71,Charles_Mathews_0001.jpg.flipped.jpg,Will_Ferrell_0001.jpg.flipped.jpg,0,classifier.5,0.4487990140914917
72,Charles_Schumer_0002.jpg.flipped.jpg,Lionel_Chalmers_0001.jpg.flipped.jpg,0,classifier.5,0.4556671380996704
73,Charlotte_Rampling_0001.jpg.flipped.jpg,Lana_Clarkson_0002.jpg.flipped.jpg,0,classifier.5,0.48795950412750244
74,Cherie_Blair_0001.jpg.flipped.jpg,Cherie_Blair_0004.jpg.flipped.jpg,1,classifier.5,0.34676146507263184
75,Chris_Bell_0002.jpg.flipped.jpg,Pharrell_Williams_0001.jpg.flipped.jpg,0,classifier.5,0.46545058488845825
76,Christina_Aguilera_0001.jpg.flipped.jpg,Christina_Aguilera_0004.jpg.flipped.jpg,1,classifier.5,0.3809618353843689
77,Christine_Baumgartner_0001.jpg.flipped.jpg,Christine_Baumgartner_0002.jpg.flipped.jpg,1,classifier.5,0.28645992279052734
78,Christine_Gregoire_0001.jpg.flipped.jpg,Christine_Gregoire_0004.jpg.flipped.jpg,1,classifier.5,0.38897210359573364
79,Christine_Gregoire_0004.jpg.flipped.jpg,Wang_Hailan_0001.jpg.flipped.jpg,0,classifier.5,0.45456457138061523
80,Christine_Todd_Whitman_0002.jpg.flipped.jpg,Christine_Todd_Whitman_0003.jpg.flipped.jpg,1,classifier.5,0.5540022850036621
81,Claire_De_Gryse_0001.jpg.flipped.jpg,Deb_Santos_0001.jpg.flipped.jpg,0,classifier.5,0.5244786143302917
82,Claudia_Pechstein_0001.jpg.flipped.jpg,Claudia_Pechstein_0002.jpg.flipped.jpg,1,classifier.5,0.27941209077835083
83,Claudia_Pechstein_0002.jpg.flipped.jpg,Mireille_Jospin-Dandieu_0001.jpg.flipped.jpg,0,classifier.5,0.45494377613067627
84,Claudia_Pechstein_0004.jpg.flipped.jpg,Claudia_Pechstein_0005.jpg.flipped.jpg,1,classifier.5,0.37547457218170166
85,Claudia_Schiffer_0001.jpg.flipped.jpg,Claudia_Schiffer_0002.jpg.flipped.jpg,1,classifier.5,0.30242985486984253
86,Cole_Chapman_0001.jpg.flipped.jpg,Marisol_Martinez_Sambran_0001.jpg.flipped.jpg,0,classifier.5,0.5024276971817017
87,Colin_Jackson_0001.jpg.flipped.jpg,Colin_Jackson_0002.jpg.flipped.jpg,1,classifier.5,0.35204291343688965
88,Colleen_Atwood_0001.jpg.flipped.jpg,Penelope_Cruz_0002.jpg.flipped.jpg,0,classifier.5,0.35894906520843506
89,Condoleezza_Rice_0001.jpg.flipped.jpg,Condoleezza_Rice_0004.jpg.flipped.jpg,1,classifier.5,0.4181441068649292
90,Courtney_Love_0001.jpg.flipped.jpg,Jennifer_Aniston_0003.jpg.flipped.jpg,0,classifier.5,0.38373124599456787
91,Cristian_Barros_0001.jpg.flipped.jpg,Steve_Largent_0001.jpg.flipped.jpg,0,classifier.5,0.2993636727333069
92,Cristina_Kirchner_0001.jpg.flipped.jpg,Stefanie_De_Roux_0001.jpg.flipped.jpg,0,classifier.5,0.5052541494369507
93,Cruz_Bustamante_0001.jpg.flipped.jpg,Cruz_Bustamante_0004.jpg.flipped.jpg,1,classifier.5,0.40215396881103516
94,Curtis_Rodriguez_0001.jpg.flipped.jpg,John_Blaney_0002.jpg.flipped.jpg,0,classifier.5,0.3546416759490967
95,Daisy_Fuentes_0002.jpg.flipped.jpg,Daisy_Fuentes_0003.jpg.flipped.jpg,1,classifier.5,0.1686403751373291
96,Dan_LaCoutre_0001.jpg.flipped.jpg,Gustavo_Kuerten_0002.jpg.flipped.jpg,0,classifier.5,0.36180901527404785
97,Daniel_Radcliffe_0001.jpg.flipped.jpg,Daniel_Radcliffe_0004.jpg.flipped.jpg,1,classifier.5,0.4708592891693115
98,Danielle_Spencer_0001.jpg.flipped.jpg,Rachel_Wheatley_0001.jpg.flipped.jpg,0,classifier.5,0.4412279725074768
99,David_Beckham_0011.jpg.flipped.jpg,David_Beckham_0029.jpg.flipped.jpg,1,classifier.5,0.5070819854736328
100,Debra_Yang_0001.jpg.flipped.jpg,Yekaterina_Guseva_0001.jpg.flipped.jpg,0,classifier.5,0.49600958824157715
101,Dick_Posthumus_0001.jpg.flipped.jpg,Jim_Wong_0001.jpg.flipped.jpg,0,classifier.5,0.5531253814697266
102,Dionne_Warwick_0001.jpg.flipped.jpg,Janine_Pietsch_0001.jpg.flipped.jpg,0,classifier.5,0.3145124316215515
103,Donna_Walker_0001.jpg.flipped.jpg,Jacqueline_Marris_0001.jpg.flipped.jpg,0,classifier.5,0.46236538887023926
104,Doris_Schroeder_0001.jpg.flipped.jpg,Doris_Schroeder_0003.jpg.flipped.jpg,1,classifier.5,0.46295201778411865
105,Edward_Lu_0001.jpg.flipped.jpg,Robert_Zoellick_0007.jpg.flipped.jpg,0,classifier.5,0.40046679973602295
106,Edward_Norton_0001.jpg.flipped.jpg,Edward_Norton_0002.jpg.flipped.jpg,1,classifier.5,0.2090945839881897
107,Eileen_Coparropa_0002.jpg.flipped.jpg,Eileen_Coparropa_0003.jpg.flipped.jpg,1,classifier.5,0.3515908718109131
108,Elin_Nordegren_0001.jpg.flipped.jpg,Samantha_Daniels_0001.jpg.flipped.jpg,0,classifier.5,0.4537067413330078
109,Elisha_Cuthbert_0001.jpg.flipped.jpg,Mariana_Pollack_0002.jpg.flipped.jpg,0,classifier.5,0.34672486782073975
110,Elizabeth_Hurley_0001.jpg.flipped.jpg,Elizabeth_Hurley_0004.jpg.flipped.jpg,1,classifier.5,0.3244858980178833
111,Elizabeth_Shue_0002.jpg.flipped.jpg,Princess_Hisako_0001.jpg.flipped.jpg,0,classifier.5,0.6275391578674316
112,Elizabeth_Taylor_0001.jpg.flipped.jpg,Olympia_Dukakis_0001.jpg.flipped.jpg,0,classifier.5,0.5147714018821716
113,Ellen_DeGeneres_0001.jpg.flipped.jpg,Ellen_DeGeneres_0002.jpg.flipped.jpg,1,classifier.5,0.43503475189208984
114,Elva_Hsiao_0001.jpg.flipped.jpg,Samantha_Daniels_0001.jpg.flipped.jpg,0,classifier.5,0.39053118228912354
115,Eminem_0001.jpg.flipped.jpg,Wolfgang_Clement_0001.jpg.flipped.jpg,0,classifier.5,0.4512789845466614
116,Enola_Rice_0001.jpg.flipped.jpg,Lana_Clarkson_0002.jpg.flipped.jpg,0,classifier.5,0.5767654180526733
117,Eric_Rosser_0001.jpg.flipped.jpg,Marc-Andre_Fleury_0002.jpg.flipped.jpg,0,classifier.5,0.645830512046814
118,Eriko_Tamura_0001.jpg.flipped.jpg,Georgia_Giddings_0001.jpg.flipped.jpg,0,classifier.5,0.46786874532699585
119,Erin_Runnion_0002.jpg.flipped.jpg,Erin_Runnion_0003.jpg.flipped.jpg,1,classifier.5,0.21934950351715088
120,Eva_Amurri_0001.jpg.flipped.jpg,Tanya_Lindenmuth_0001.jpg.flipped.jpg,0,classifier.5,0.42060303688049316
121,Fayssal_Mekdad_0001.jpg.flipped.jpg,Fayssal_Mekdad_0004.jpg.flipped.jpg,1,classifier.5,0.3027564287185669
122,Fernando_Leon_de_Aranoa_0001.jpg.flipped.jpg,John_Scarlett_0001.jpg.flipped.jpg,0,classifier.5,0.2828989028930664
123,Fernando_Vargas_0003.jpg.flipped.jpg,Martin_Verkerk_0003.jpg.flipped.jpg,0,classifier.5,0.454706072807312
124,Fred_Thompson_0001.jpg.flipped.jpg,Fred_Thompson_0003.jpg.flipped.jpg,1,classifier.5,0.23596632480621338
125,Geoff_Hoon_0005.jpg.flipped.jpg,Thomas_Stewart_0001.jpg.flipped.jpg,0,classifier.5,0.45928215980529785
126,George_Robertson_0005.jpg.flipped.jpg,Robbie_Mc_Ewen_0001.jpg.flipped.jpg,0,classifier.5,0.4089788794517517
127,George_Voinovich_0002.jpg.flipped.jpg,George_Voinovich_0003.jpg.flipped.jpg,1,classifier.5,0.3912472724914551
128,Georgi_Parvanov_0001.jpg.flipped.jpg,Luis_Fonsi_0001.jpg.flipped.jpg,0,classifier.5,0.5966792702674866
129,Georgina_Papin_0001.jpg.flipped.jpg,Mary_Lou_Retton_0001.jpg.flipped.jpg,0,classifier.5,0.36834144592285156
130,Gian_Marco_0002.jpg.flipped.jpg,Gian_Marco_0003.jpg.flipped.jpg,1,classifier.5,0.43674391508102417
131,Gina_Gershon_0001.jpg.flipped.jpg,Patricia_Garone_0001.jpg.flipped.jpg,0,classifier.5,0.47387176752090454
132,Gregg_Popovich_0003.jpg.flipped.jpg,Gregg_Popovich_0004.jpg.flipped.jpg,1,classifier.5,0.30547034740448
133,Gregorio_Rosal_0001.jpg.flipped.jpg,Richard_Greenberg_0001.jpg.flipped.jpg,0,classifier.5,0.49153196811676025
134,Guennadi_Chipouline_0001.jpg.flipped.jpg,Tom_Koenigs_0001.jpg.flipped.jpg,0,classifier.5,0.49257731437683105
135,Guillaume_Depardieu_0001.jpg.flipped.jpg,Manuel_Llorente_0001.jpg.flipped.jpg,0,classifier.5,0.44216811656951904
136,Gunilla_Backman_0001.jpg.flipped.jpg,Kathleen_Abernathy_0001.jpg.flipped.jpg,0,classifier.5,0.4691293239593506
137,Gunter_Pleuger_0003.jpg.flipped.jpg,Vaclav_Klaus_0001.jpg.flipped.jpg,0,classifier.5,0.3596827983856201
138,Hans_Blix_0009.jpg.flipped.jpg,Hans_Blix_0012.jpg.flipped.jpg,1,classifier.5,0.5233072638511658
139,Hans_Eichel_0001.jpg.flipped.jpg,Jimmy_Iovine_0001.jpg.flipped.jpg,0,classifier.5,0.5537702441215515
140,Harald_Ringstorff_0001.jpg.flipped.jpg,Pat_Riley_0001.jpg.flipped.jpg,0,classifier.5,0.3556840419769287
141,Heidi_Fleiss_0001.jpg.flipped.jpg,Heidi_Fleiss_0003.jpg.flipped.jpg,1,classifier.5,0.2811615467071533
142,Horacio_Julio_Pina_0001.jpg.flipped.jpg,Zaini_Abdullah_0001.jpg.flipped.jpg,0,classifier.5,0.37163209915161133
143,Ian_Thorpe_0005.jpg.flipped.jpg,Ian_Thorpe_0007.jpg.flipped.jpg,1,classifier.5,0.3981778621673584
144,Iran_Brown_0001.jpg.flipped.jpg,Margaret_Caruso_0001.jpg.flipped.jpg,0,classifier.5,0.43665534257888794
145,Isabelle_Huppert_0001.jpg.flipped.jpg,Isabelle_Huppert_0002.jpg.flipped.jpg,1,classifier.5,0.34804558753967285
146,Jada_Pinkett_Smith_0002.jpg.flipped.jpg,Jenny_Romero_0001.jpg.flipped.jpg,0,classifier.5,0.433277428150177
147,James_Caan_0002.jpg.flipped.jpg,Paul_Sarbanes_0002.jpg.flipped.jpg,0,classifier.5,0.4206446409225464
148,James_Smith_0001.jpg.flipped.jpg,James_Smith_0002.jpg.flipped.jpg,1,classifier.5,0.23625898361206055
149,Jamie_Kellner_0001.jpg.flipped.jpg,Tomas_Malik_0001.jpg.flipped.jpg,0,classifier.5,0.506833553314209
150,Jane_Kaczmarek_0001.jpg.flipped.jpg,Jane_Kaczmarek_0002.jpg.flipped.jpg,1,classifier.5,0.21414732933044434
151,Janela_Jara_0001.jpg.flipped.jpg,Kirsten_Clark_0001.jpg.flipped.jpg,0,classifier.5,0.5382147431373596
152,Jason_Statham_0001.jpg.flipped.jpg,Kwame_Kilpatrick_0001.jpg.flipped.jpg,0,classifier.5,0.43088388442993164
153,Jean-Marc_Olive_0001.jpg.flipped.jpg,John_Timoney_0001.jpg.flipped.jpg,0,classifier.5,0.4511786103248596
154,Jeff_Van_Gundy_0001.jpg.flipped.jpg,Jeff_Van_Gundy_0002.jpg.flipped.jpg,1,classifier.5,0.39613425731658936
155,Jen_Bice_0001.jpg.flipped.jpg,Judi_Dench_0002.jpg.flipped.jpg,0,classifier.5,0.3965122699737549
156,Jennifer_Capriati_0007.jpg.flipped.jpg,Jennifer_Capriati_0032.jpg.flipped.jpg,1,classifier.5,0.5113548040390015
157,Jennifer_Garner_0007.jpg.flipped.jpg,Jennifer_Garner_0012.jpg.flipped.jpg,1,classifier.5,0.3806917071342468
158,Jennifer_Granholm_0001.jpg.flipped.jpg,Trudi_Lacey_0001.jpg.flipped.jpg,0,classifier.5,0.41935598850250244
159,Jennifer_Lopez_0003.jpg.flipped.jpg,Jennifer_Lopez_0010.jpg.flipped.jpg,1,classifier.5,0.2786269187927246
160,Jennifer_Pena_0001.jpg.flipped.jpg,Sonia_Lopez_0001.jpg.flipped.jpg,0,classifier.5,0.48422884941101074
161,Jennifer_Reilly_0001.jpg.flipped.jpg,Jennifer_Reilly_0002.jpg.flipped.jpg,1,classifier.5,0.20329248905181885
162,Jennifer_Thompson_0001.jpg.flipped.jpg,Jennifer_Thompson_0002.jpg.flipped.jpg,1,classifier.5,0.17844641208648682
163,Jeong_Se-hyun_0007.jpg.flipped.jpg,Jeong_Se-hyun_0009.jpg.flipped.jpg,1,classifier.5,0.5414730310440063
164,Jerry_Falwell_0001.jpg.flipped.jpg,Jerry_Falwell_0002.jpg.flipped.jpg,1,classifier.5,0.3115661144256592
165,Jessica_Capshaw_0001.jpg.flipped.jpg,Penelope_Cruz_0002.jpg.flipped.jpg,0,classifier.5,0.3821331262588501
166,Jiang_Zemin_0015.jpg.flipped.jpg,Jiang_Zemin_0018.jpg.flipped.jpg,1,classifier.5,0.20140475034713745
167,Joe_Torre_0001.jpg.flipped.jpg,Joe_Torre_0003.jpg.flipped.jpg,1,classifier.5,0.3899537920951843
168,John_Abizaid_0001.jpg.flipped.jpg,John_Abizaid_0002.jpg.flipped.jpg,1,classifier.5,0.38966965675354004
169,John_Bolton_0014.jpg.flipped.jpg,Kim_Yun-kyu_0001.jpg.flipped.jpg,0,classifier.5,0.4316467046737671
170,John_Dallager_0001.jpg.flipped.jpg,Jose_Canseco_Sr_0001.jpg.flipped.jpg,0,classifier.5,0.4000021815299988
171,John_Robbins_0001.jpg.flipped.jpg,Tom_Foy_0001.jpg.flipped.jpg,0,classifier.5,0.6224667429924011
172,Jorge_Alberto_Galindo_0001.jpg.flipped.jpg,Roger_King_0001.jpg.flipped.jpg,0,classifier.5,0.3684757351875305
173,Jose_Canseco_0001.jpg.flipped.jpg,Jose_Canseco_0003.jpg.flipped.jpg,1,classifier.5,0.5702816843986511
174,Juan_Carlos_Ferrero_0009.jpg.flipped.jpg,Juan_Carlos_Ferrero_0017.jpg.flipped.jpg,1,classifier.5,0.31220829486846924
175,Juan_Fernandez_0001.jpg.flipped.jpg,Paul_Krueger_0001.jpg.flipped.jpg,0,classifier.5,0.31509894132614136
176,Juan_Manuel_Marquez_0001.jpg.flipped.jpg,Juan_Manuel_Marquez_0002.jpg.flipped.jpg,1,classifier.5,0.32629573345184326
177,Julia_Tymoshenko_0001.jpg.flipped.jpg,Julia_Tymoshenko_0003.jpg.flipped.jpg,1,classifier.5,0.39170771837234497
178,Julio_Iglesias_Jr_0001.jpg.flipped.jpg,Ramon_Ponce_de_Leon_0001.jpg.flipped.jpg,0,classifier.5,0.5196473002433777
179,Justin_Timberlake_0001.jpg.flipped.jpg,Justin_Timberlake_0002.jpg.flipped.jpg,1,classifier.5,0.46735191345214844
180,Justine_Pasek_0006.jpg.flipped.jpg,Justine_Pasek_0007.jpg.flipped.jpg,1,classifier.5,0.30048298835754395
181,Kate_Burton_0001.jpg.flipped.jpg,Martha_Stewart_0002.jpg.flipped.jpg,0,classifier.5,0.2732393741607666
182,Kate_Winslet_0001.jpg.flipped.jpg,Kate_Winslet_0002.jpg.flipped.jpg,1,classifier.5,0.2164769172668457
183,Katherine_Harris_0001.jpg.flipped.jpg,Katherine_Harris_0002.jpg.flipped.jpg,1,classifier.5,0.24697840213775635
184,Kathleen_Glynn_0001.jpg.flipped.jpg,Kathleen_Glynn_0002.jpg.flipped.jpg,1,classifier.5,0.20343995094299316
185,Kathryn_Morris_0001.jpg.flipped.jpg,Minnie_Driver_0002.jpg.flipped.jpg,0,classifier.5,0.402340829372406
186,Keanu_Reeves_0006.jpg.flipped.jpg,Keanu_Reeves_0009.jpg.flipped.jpg,1,classifier.5,0.558367908000946
187,Keanu_Reeves_0006.jpg.flipped.jpg,Keanu_Reeves_0010.jpg.flipped.jpg,1,classifier.5,0.4854776859283447
188,Keiko_Sofia_Fujimori_0001.jpg.flipped.jpg,Sureyya_Ayhan_0001.jpg.flipped.jpg,0,classifier.5,0.402621865272522
189,Kim_Weeks_0001.jpg.flipped.jpg,Marie-Josee_Croze_0001.jpg.flipped.jpg,0,classifier.5,0.261942982673645
190,Kimora_Lee_0001.jpg.flipped.jpg,Robin_Johansen_0001.jpg.flipped.jpg,0,classifier.5,0.3186250925064087
191,Krishna_Bhadur_Mahara_0001.jpg.flipped.jpg,Peter_Holmberg_0001.jpg.flipped.jpg,0,classifier.5,0.35596954822540283
192,Kristen_Breitweiser_0001.jpg.flipped.jpg,Tatiana_Shchegoleva_0001.jpg.flipped.jpg,0,classifier.5,0.5400568246841431
193,Kristen_Breitweiser_0002.jpg.flipped.jpg,Kristen_Breitweiser_0003.jpg.flipped.jpg,1,classifier.5,0.2619785666465759
194,Kwon_Yang-sook_0001.jpg.flipped.jpg,Kwon_Yang-sook_0003.jpg.flipped.jpg,1,classifier.5,0.26049375534057617
195,Larry_Coker_0002.jpg.flipped.jpg,Larry_Coker_0004.jpg.flipped.jpg,1,classifier.5,0.36295032501220703
196,Larry_Harris_0001.jpg.flipped.jpg,Michael_Lechner_0001.jpg.flipped.jpg,0,classifier.5,0.5032070875167847
197,Larry_Ralston_0001.jpg.flipped.jpg,William_Donaldson_0006.jpg.flipped.jpg,0,classifier.5,0.3489118814468384
198,Laura_Gobai_0001.jpg.flipped.jpg,Robin_Wagner_0001.jpg.flipped.jpg,0,classifier.5,0.5150738954544067
199,Laura_Linney_0001.jpg.flipped.jpg,Laura_Linney_0003.jpg.flipped.jpg,1,classifier.5,0.26535505056381226
200,Laura_Linney_0003.jpg.flipped.jpg,Laura_Linney_0004.jpg.flipped.jpg,1,classifier.5,0.39494162797927856
201,Laurel_Clark_0001.jpg.flipped.jpg,Priscilla_Presley_0001.jpg.flipped.jpg,0,classifier.5,0.5776365995407104
202,Laurie_Laychak_0001.jpg.flipped.jpg,Pa_Kou_Hang_0001.jpg.flipped.jpg,0,classifier.5,0.4579768776893616
203,Lenny_Wilkens_0001.jpg.flipped.jpg,Lenny_Wilkens_0002.jpg.flipped.jpg,1,classifier.5,0.21328485012054443
204,Leon_Barmore_0001.jpg.flipped.jpg,Yusaku_Miyazato_0001.jpg.flipped.jpg,0,classifier.5,0.3952102065086365
205,Leonardo_Del_Vecchio_0001.jpg.flipped.jpg,Tatiana_Shchegoleva_0001.jpg.flipped.jpg,0,classifier.5,0.4598197937011719
206,Li_Peng_0004.jpg.flipped.jpg,Li_Peng_0007.jpg.flipped.jpg,1,classifier.5,0.40250301361083984
207,Linda_Franklin_0001.jpg.flipped.jpg,Melissa_Joan_Hart_0001.jpg.flipped.jpg,0,classifier.5,0.3687611222267151
208,Lindsay_Benko_0002.jpg.flipped.jpg,Mireya_Elisa_Moscoso_Rodriguez_0001.jpg.flipped.jpg,0,classifier.5,0.4902415871620178
209,Liza_Minnelli_0005.jpg.flipped.jpg,Liza_Minnelli_0006.jpg.flipped.jpg,1,classifier.5,0.41872501373291016
210,Lucio_Gutierrez_0006.jpg.flipped.jpg,Lucio_Gutierrez_0007.jpg.flipped.jpg,1,classifier.5,0.4237089157104492
211,Lynne_Thigpen_0001.jpg.flipped.jpg,Mary_Blige_0001.jpg.flipped.jpg,0,classifier.5,0.43861037492752075
212,Magui_Serna_0001.jpg.flipped.jpg,Magui_Serna_0002.jpg.flipped.jpg,1,classifier.5,0.5073961019515991
213,Marcelo_Ebrard_0001.jpg.flipped.jpg,Marcelo_Ebrard_0003.jpg.flipped.jpg,1,classifier.5,0.3921959400177002
214,Marina_Anissina_0001.jpg.flipped.jpg,Marina_Anissina_0002.jpg.flipped.jpg,1,classifier.5,0.17992979288101196
215,Marisa_Tomei_0001.jpg.flipped.jpg,Marisa_Tomei_0002.jpg.flipped.jpg,1,classifier.5,0.19692522287368774
216,Mark_Kelly_0001.jpg.flipped.jpg,Mark_Lazarus_0001.jpg.flipped.jpg,0,classifier.5,0.306343138217926
217,Mary_Tyler_Moore_0001.jpg.flipped.jpg,Mary_Tyler_Moore_0002.jpg.flipped.jpg,1,classifier.5,0.35349857807159424
218,Mary-Kate_Olsen_0001.jpg.flipped.jpg,Mary-Kate_Olsen_0002.jpg.flipped.jpg,1,classifier.5,0.3548673391342163
219,Mathias_Reichhold_0001.jpg.flipped.jpg,Mathias_Reichhold_0002.jpg.flipped.jpg,1,classifier.5,0.3626772165298462
220,Max_Mosley_0001.jpg.flipped.jpg,Raul_Gonzalez_0001.jpg.flipped.jpg,0,classifier.5,0.40529513359069824
221,Mel_Brooks_0001.jpg.flipped.jpg,Mel_Brooks_0002.jpg.flipped.jpg,1,classifier.5,0.6610105633735657
222,Melanie_Griffith_0001.jpg.flipped.jpg,Melanie_Griffith_0003.jpg.flipped.jpg,1,classifier.5,0.4139925241470337
223,Melissa_Mulloy_0001.jpg.flipped.jpg,Paula_Abdul_0001.jpg.flipped.jpg,0,classifier.5,0.403053343296051
224,Michael_Bloomberg_0015.jpg.flipped.jpg,Ozzy_Osbourne_0002.jpg.flipped.jpg,0,classifier.5,0.31253814697265625
225,Michael_Capellas_0001.jpg.flipped.jpg,Michael_Capellas_0002.jpg.flipped.jpg,1,classifier.5,0.36654579639434814
226,Michael_Chang_0001.jpg.flipped.jpg,Michael_Chang_0003.jpg.flipped.jpg,1,classifier.5,0.2681414484977722
227,Michael_Kahn_0001.jpg.flipped.jpg,Rick_Caruso_0001.jpg.flipped.jpg,0,classifier.5,0.4082833528518677
228,Michael_Moore_0002.jpg.flipped.jpg,Michael_Moore_0003.jpg.flipped.jpg,1,classifier.5,0.37377047538757324
229,Michael_Pfleger_0001.jpg.flipped.jpg,Robert_Ehrlich_0002.jpg.flipped.jpg,0,classifier.5,0.3714027404785156
230,Michelle_Rodriguez_0001.jpg.flipped.jpg,Michelle_Rodriguez_0002.jpg.flipped.jpg,1,classifier.5,0.3248676061630249
231,Mikhail_Kasyanov_0003.jpg.flipped.jpg,Mikhail_Kasyanov_0004.jpg.flipped.jpg,1,classifier.5,0.08713340759277344
232,Mikhail_Wehbe_0001.jpg.flipped.jpg,Mikhail_Wehbe_0003.jpg.flipped.jpg,1,classifier.5,0.3278958797454834
233,Milan_Kucan_0001.jpg.flipped.jpg,Salman_Khan_0001.jpg.flipped.jpg,0,classifier.5,0.6012778282165527
234,Milt_Heflin_0001.jpg.flipped.jpg,Pier_Ferdinando_Casini_0001.jpg.flipped.jpg,0,classifier.5,0.34225815534591675
235,Mireya_Moscoso_0004.jpg.flipped.jpg,San_Lan_0001.jpg.flipped.jpg,0,classifier.5,0.3715859651565552
236,Monica_Seles_0002.jpg.flipped.jpg,Queen_Beatrix_0004.jpg.flipped.jpg,0,classifier.5,0.30652856826782227
237,Muhammad_Ali_0001.jpg.flipped.jpg,Muhammad_Ali_0003.jpg.flipped.jpg,1,classifier.5,0.4756048917770386
238,Nadia_Petrova_0002.jpg.flipped.jpg,Nadia_Petrova_0003.jpg.flipped.jpg,1,classifier.5,0.2022014856338501
239,Nastia_Liukin_0001.jpg.flipped.jpg,Nicole_Parker_0001.jpg.flipped.jpg,0,classifier.5,0.6974363327026367
240,Natalie_Cole_0002.jpg.flipped.jpg,Natalie_Cole_0003.jpg.flipped.jpg,1,classifier.5,0.3506108522415161
241,Nelson_Mandela_0001.jpg.flipped.jpg,Nelson_Mandela_0003.jpg.flipped.jpg,1,classifier.5,0.3937554955482483
242,Nelson_Shanks_0001.jpg.flipped.jpg,Pedro_Martinez_0001.jpg.flipped.jpg,0,classifier.5,0.37984001636505127
243,Nelson_Shanks_0001.jpg.flipped.jpg,Ren_Qingjin_0001.jpg.flipped.jpg,0,classifier.5,0.32905763387680054
244,Nia_Vardalos_0001.jpg.flipped.jpg,Nia_Vardalos_0003.jpg.flipped.jpg,1,classifier.5,0.48325860500335693
245,Nicole_Kidman_0003.jpg.flipped.jpg,Nicole_Kidman_0011.jpg.flipped.jpg,1,classifier.5,0.5595523118972778
246,Norah_Jones_0003.jpg.flipped.jpg,Norah_Jones_0015.jpg.flipped.jpg,1,classifier.5,0.44719398021698
247,Norah_Jones_0011.jpg.flipped.jpg,Norah_Jones_0012.jpg.flipped.jpg,1,classifier.5,0.26645416021347046
248,Oprah_Winfrey_0002.jpg.flipped.jpg,Oprah_Winfrey_0003.jpg.flipped.jpg,1,classifier.5,0.5827590823173523
249,Oswaldo_Paya_0001.jpg.flipped.jpg,Oswaldo_Paya_0003.jpg.flipped.jpg,1,classifier.5,0.4619736075401306
250,Pamela_Anderson_0001.jpg.flipped.jpg,Pamela_Anderson_0002.jpg.flipped.jpg,1,classifier.5,0.22450923919677734
251,Patty_Schnyder_0001.jpg.flipped.jpg,Patty_Schnyder_0002.jpg.flipped.jpg,1,classifier.5,0.40167099237442017
252,Patty_Schnyder_0003.jpg.flipped.jpg,Pernilla_Bjorn_0001.jpg.flipped.jpg,0,classifier.5,0.4790017008781433
253,Paul_Sarbanes_0002.jpg.flipped.jpg,Paul_Sarbanes_0003.jpg.flipped.jpg,1,classifier.5,0.31437933444976807
254,Paula_Zahn_0001.jpg.flipped.jpg,Tamara_Mowry_0001.jpg.flipped.jpg,0,classifier.5,0.42792004346847534
255,Pedro_Malan_0001.jpg.flipped.jpg,Pedro_Malan_0005.jpg.flipped.jpg,1,classifier.5,0.3713366389274597
256,Pete_Sampras_0010.jpg.flipped.jpg,Pete_Sampras_0013.jpg.flipped.jpg,1,classifier.5,0.4595801830291748
257,Phil_Mickelson_0001.jpg.flipped.jpg,Phil_Mickelson_0002.jpg.flipped.jpg,1,classifier.5,0.290255069732666
258,Prince_Harry_0002.jpg.flipped.jpg,Prince_Harry_0003.jpg.flipped.jpg,1,classifier.5,0.39299070835113525
259,Queen_Latifah_0001.jpg.flipped.jpg,Queen_Latifah_0003.jpg.flipped.jpg,1,classifier.5,0.34200000762939453
260,Raaf_Schefter_0001.jpg.flipped.jpg,Rick_Dinse_0002.jpg.flipped.jpg,0,classifier.5,0.5057051181793213
261,Rebecca_Romijn-Stamos_0003.jpg.flipped.jpg,Rebecca_Romijn-Stamos_0004.jpg.flipped.jpg,1,classifier.5,0.19910675287246704
262,Reese_Witherspoon_0002.jpg.flipped.jpg,Toni_Jennings_0001.jpg.flipped.jpg,0,classifier.5,0.49821096658706665
263,Rich_Gannon_0001.jpg.flipped.jpg,Rich_Gannon_0002.jpg.flipped.jpg,1,classifier.5,0.37252819538116455
264,Rita_Grande_0001.jpg.flipped.jpg,Rita_Grande_0002.jpg.flipped.jpg,1,classifier.5,0.3117767572402954
265,Robert_Blake_0001.jpg.flipped.jpg,Robert_Blake_0003.jpg.flipped.jpg,1,classifier.5,0.5027550458908081
266,Robert_De_Niro_0001.jpg.flipped.jpg,Robert_De_Niro_0004.jpg.flipped.jpg,1,classifier.5,0.47498905658721924
267,Robert_Downey_Jr_0001.jpg.flipped.jpg,Tommy_Shane_Steiner_0001.jpg.flipped.jpg,0,classifier.5,0.3270663022994995
268,Robert_Kocharian_0004.jpg.flipped.jpg,Robert_Kocharian_0005.jpg.flipped.jpg,1,classifier.5,0.36128151416778564
269,Robert_Wagner_0001.jpg.flipped.jpg,Tommy_Franks_0011.jpg.flipped.jpg,0,classifier.5,0.34814679622650146
270,Robin_Wright_Penn_0001.jpg.flipped.jpg,Yoko_Ono_0006.jpg.flipped.jpg,0,classifier.5,0.37524914741516113
271,Rodolfo_Abalos_0001.jpg.flipped.jpg,Thierry_Falise_0003.jpg.flipped.jpg,0,classifier.5,0.36853235960006714
272,Rudolph_Giuliani_0004.jpg.flipped.jpg,Rudolph_Giuliani_0017.jpg.flipped.jpg,1,classifier.5,0.47337663173675537
273,Sandra_Bullock_0003.jpg.flipped.jpg,Sandra_Bullock_0002.jpg.flipped.jpg,1,classifier.5,0.4549771547317505
274,Sarah_Hughes_0001.jpg.flipped.jpg,Sarah_Hughes_0006.jpg.flipped.jpg,1,classifier.5,0.5609363317489624
275,Sarah_Hughes_0003.jpg.flipped.jpg,Sarah_Hughes_0005.jpg.flipped.jpg,1,classifier.5,0.34371793270111084
276,Sarah_Jessica_Parker_0002.jpg.flipped.jpg,Sarah_Jessica_Parker_0004.jpg.flipped.jpg,1,classifier.5,0.36370736360549927
277,Sarah_Michelle_Gellar_0001.jpg.flipped.jpg,Sarah_Michelle_Gellar_0003.jpg.flipped.jpg,1,classifier.5,0.43050652742385864
278,Scott_Hoch_0001.jpg.flipped.jpg,Thomas_Stewart_0001.jpg.flipped.jpg,0,classifier.5,0.6282426118850708
279,Scott_Ritter_0001.jpg.flipped.jpg,Scott_Ritter_0002.jpg.flipped.jpg,1,classifier.5,0.35890161991119385
280,Se_Hyuk_Joo_0001.jpg.flipped.jpg,Tom_Rouen_0001.jpg.flipped.jpg,0,classifier.5,0.37651342153549194
281,Sean_Penn_0002.jpg.flipped.jpg,Sean_Penn_0003.jpg.flipped.jpg,1,classifier.5,0.3987444043159485
282,Sharon_Stone_0002.jpg.flipped.jpg,Sharon_Stone_0004.jpg.flipped.jpg,1,classifier.5,0.39528805017471313
283,Sheila_Copps_0002.jpg.flipped.jpg,Sheila_Copps_0003.jpg.flipped.jpg,1,classifier.5,0.4041295051574707
284,Slobodan_Milosevic_0003.jpg.flipped.jpg,Slobodan_Milosevic_0004.jpg.flipped.jpg,1,classifier.5,0.3829188346862793
285,Steve_Ballmer_0001.jpg.flipped.jpg,Steve_Ballmer_0003.jpg.flipped.jpg,1,classifier.5,0.42493391036987305
286,Terry_McAuliffe_0001.jpg.flipped.jpg,Terry_McAuliffe_0003.jpg.flipped.jpg,1,classifier.5,0.38742703199386597
287,Thaksin_Shinawatra_0005.jpg.flipped.jpg,Thaksin_Shinawatra_0006.jpg.flipped.jpg,1,classifier.5,0.19971764087677002
288,Tiger_Woods_0002.jpg.flipped.jpg,Tiger_Woods_0006.jpg.flipped.jpg,1,classifier.5,0.5003252029418945
289,Tiger_Woods_0006.jpg.flipped.jpg,Tiger_Woods_0018.jpg.flipped.jpg,1,classifier.5,0.4899768829345703
290,Tom_Watson_0002.jpg.flipped.jpg,Tom_Watson_0003.jpg.flipped.jpg,1,classifier.5,0.14766192436218262
291,Tony_Curtis_0001.jpg.flipped.jpg,Tony_Curtis_0002.jpg.flipped.jpg,1,classifier.5,0.32968902587890625
292,Vanessa_Williams_0001.jpg.flipped.jpg,Vanessa_Williams_0002.jpg.flipped.jpg,1,classifier.5,0.3414064645767212
293,Venus_Williams_0002.jpg.flipped.jpg,Venus_Williams_0009.jpg.flipped.jpg,1,classifier.5,0.32282769680023193
294,Victoria_Beckham_0001.jpg.flipped.jpg,Victoria_Beckham_0003.jpg.flipped.jpg,1,classifier.5,0.3782626986503601
295,Victoria_Clarke_0001.jpg.flipped.jpg,Victoria_Clarke_0005.jpg.flipped.jpg,1,classifier.5,0.25959306955337524
296,Vladimir_Spidla_0002.jpg.flipped.jpg,Vladimir_Spidla_0003.jpg.flipped.jpg,1,classifier.5,0.3037487268447876
297,Vojislav_Kostunica_0005.jpg.flipped.jpg,Vojislav_Kostunica_0007.jpg.flipped.jpg,1,classifier.5,0.42411530017852783
298,Wang_Yi_0001.jpg.flipped.jpg,Wang_Yi_0002.jpg.flipped.jpg,1,classifier.5,0.2150484323501587
299,Wen_Jiabao_0005.jpg.flipped.jpg,Wen_Jiabao_0006.jpg.flipped.jpg,1,classifier.5,0.4415374994277954
300,Yashwant_Sinha_0001.jpg.flipped.jpg,Yashwant_Sinha_0003.jpg.flipped.jpg,1,classifier.5,0.3679243326187134
