img1,img2,Pair,cond,higher_more_similar_raw,distance,layer_name,model_computed_distance
Upright/Normal/img1.jpeg,Upright/Thatcher/img1.jpeg,1,upright,3.65,3.35,classifier.5,8.215953826904297
Upright/Normal/img2.jpeg,Upright/Thatcher/img2.jpeg,2,upright,4.1,2.9,classifier.5,6.5301833152771
Upright/Normal/img3.jpeg,Upright/Thatcher/img3.jpeg,3,upright,3.35,3.65,classifier.5,7.995754718780518
Upright/Normal/img4.jpeg,Upright/Thatcher/img4.jpeg,4,upright,3.1,3.9,classifier.5,9.737537384033203
Upright/Normal/img5.jpeg,Upright/Thatcher/img5.jpeg,5,upright,4.2,2.8,classifier.5,15.790205001831055
Upright/Normal/img6.jpeg,Upright/Thatcher/img6.jpeg,6,upright,3.05,3.95,classifier.5,6.894046306610107
Upright/Normal/img7.jpeg,Upright/Thatcher/img7.jpeg,7,upright,3.35,3.65,classifier.5,13.214421272277832
Upright/Normal/img8.jpeg,Upright/Thatcher/img8.jpeg,8,upright,3.2,3.8,classifier.5,8.95213794708252
Upright/Normal/img9.jpeg,Upright/Thatcher/img9.jpeg,9,upright,3.85,3.15,classifier.5,13.738693237304688
Upright/Normal/img10.jpeg,Upright/Thatcher/img10.jpeg,10,upright,3.1,3.9,classifier.5,9.090502738952637
Upright/Normal/img11.jpeg,Upright/Thatcher/img11.jpeg,11,upright,3.3,3.7,classifier.5,12.034823417663574
Upright/Normal/img12.jpeg,Upright/Thatcher/img12.jpeg,12,upright,3.1,3.9,classifier.5,10.578714370727539
Upright/Normal/img13.jpeg,Upright/Thatcher/img13.jpeg,13,upright,3.7,3.3,classifier.5,9.334182739257812
Upright/Normal/img14.jpeg,Upright/Thatcher/img14.jpeg,14,upright,3.3,3.7,classifier.5,11.23372745513916
Upright/Normal/img15.jpg,Upright/Thatcher/img15.JPG,15,upright,2.95,4.05,classifier.5,10.024977684020996
Upright/Normal/img16.jpg,Upright/Thatcher/img16.jpg,16,upright,2.8,4.2,classifier.5,13.014887809753418
Upright/Normal/img17.jpg,Upright/Thatcher/img17.JPG,17,upright,3.25,3.75,classifier.5,9.331393241882324
Upright/Normal/img18.JPG,Upright/Thatcher/img18.JPG,18,upright,4.35,2.65,classifier.5,11.287646293640137
Upright/Normal/img19.jpg,Upright/Thatcher/img19.jpg,19,upright,4.25,2.75,classifier.5,11.743576049804688
Upright/Normal/img20.JPG,Upright/Thatcher/img20.JPG,20,upright,3.1,3.9,classifier.5,9.800056457519531
Upright/Normal/img21.jpg,Upright/Thatcher/img21.JPG,21,upright,3.1,3.9,classifier.5,7.285194396972656
Upright/Normal/img22.jpg,Upright/Thatcher/img22.jpg,22,upright,3.5,3.5,classifier.5,15.816875457763672
Upright/Normal/img23.jpeg,Upright/Thatcher/img23.jpeg,23,upright,3.8,3.2,classifier.5,12.984129905700684
Upright/Normal/img24.jpeg,Upright/Thatcher/img24.jpeg,24,upright,4.45,2.55,classifier.5,8.959750175476074
Inverted/Normal/img1.jpeg,Inverted/Thatcher/img1.jpeg,1,inverted,4.08,2.92,classifier.5,16.364757537841797
Inverted/Normal/img2.jpeg,Inverted/Thatcher/img2.jpeg,2,inverted,3.67,3.33,classifier.5,8.922992706298828
Inverted/Normal/img3.jpeg,Inverted/Thatcher/img3.jpeg,3,inverted,4.62,2.38,classifier.5,8.696927070617676
Inverted/Normal/img4.jpeg,Inverted/Thatcher/img4.jpeg,4,inverted,3.62,3.38,classifier.5,13.463581085205078
Inverted/Normal/img5.jpeg,Inverted/Thatcher/img5.jpeg,5,inverted,3.62,3.38,classifier.5,21.330665588378906
Inverted/Normal/img6.jpeg,Inverted/Thatcher/img6.jpeg,6,inverted,3.25,3.75,classifier.5,9.573624610900879
Inverted/Normal/img7.jpeg,Inverted/Thatcher/img7.jpeg,7,inverted,4.04,2.96,classifier.5,12.942580223083496
Inverted/Normal/img8.jpeg,Inverted/Thatcher/img8.jpeg,8,inverted,4.33,2.67,classifier.5,13.042125701904297
Inverted/Normal/img9.jpeg,Inverted/Thatcher/img9.jpeg,9,inverted,4.08,2.92,classifier.5,12.954506874084473
Inverted/Normal/img10.jpeg,Inverted/Thatcher/img10.jpeg,10,inverted,3.04,3.96,classifier.5,11.898914337158203
Inverted/Normal/img11.jpeg,Inverted/Thatcher/img11.jpeg,11,inverted,3.54,3.46,classifier.5,13.295727729797363
Inverted/Normal/img12.jpeg,Inverted/Thatcher/img12.jpeg,12,inverted,3.29,3.71,classifier.5,12.356208801269531
Inverted/Normal/img13.jpeg,Inverted/Thatcher/img13.jpeg,13,inverted,4.33,2.67,classifier.5,9.874139785766602
Inverted/Normal/img14.jpeg,Inverted/Thatcher/img14.jpeg,14,inverted,4.04,2.96,classifier.5,11.088541984558105
Inverted/Normal/img15.jpg,Inverted/Thatcher/img15.JPG,15,inverted,3.62,3.38,classifier.5,14.50424861907959
Inverted/Normal/img16.jpg,Inverted/Thatcher/img16.jpg,16,inverted,3.04,3.96,classifier.5,9.103606224060059
Inverted/Normal/img17.jpg,Inverted/Thatcher/img17.JPG,17,inverted,3.83,3.17,classifier.5,11.372916221618652
Inverted/Normal/img18.JPG,Inverted/Thatcher/img18.JPG,18,inverted,4.21,2.79,classifier.5,9.453269004821777
Inverted/Normal/img19.jpg,Inverted/Thatcher/img19.jpg,19,inverted,4.33,2.67,classifier.5,11.408101081848145
Inverted/Normal/img20.JPG,Inverted/Thatcher/img20.JPG,20,inverted,3.0,4.0,classifier.5,11.321454048156738
Inverted/Normal/img21.jpg,Inverted/Thatcher/img21.JPG,21,inverted,3.33,3.67,classifier.5,10.104301452636719
Inverted/Normal/img22.jpg,Inverted/Thatcher/img22.jpg,22,inverted,4.12,2.88,classifier.5,15.30003833770752
Inverted/Normal/img23.jpeg,Inverted/Thatcher/img23.jpeg,23,inverted,4.62,2.38,classifier.5,14.577548027038574
Inverted/Normal/img24.jpeg,Inverted/Thatcher/img24.jpeg,24,inverted,3.92,3.08,classifier.5,10.309011459350586
