Task Name,Model Name,Layer Name,Condition,Mean,Distance Metric
Critical Features,VGG16,classifier.5,critical_changes,0.396910219900012,cosine_distances
Critical Features,VGG16,classifier.5,diff,0.3692751412355196,cosine_distances
Critical Features,VGG16,classifier.5,non_critical_changes,0.26388349620556556,cosine_distances
Critical Features,VGG16,classifier.5,same,0.21443024323358195,cosine_distances
Critical Features,VGG16,classifier.6,critical_changes,0.34746585410044767,cosine_distances
Critical Features,VGG16,classifier.6,diff,0.3207637066554357,cosine_distances
Critical Features,VGG16,classifier.6,non_critical_changes,0.2244002284592559,cosine_distances
Critical Features,VGG16,classifier.6,same,0.19586081983755876,cosine_distances
